clusters,model,sw,ch,s_dbw,avi,avu,anui,mq,modularity,temporal_ari,assignment_stability,min_cluster_share
2,"KMeans, признаки",0.387331,1178.689448,1.390069,0.962560,1.000000,0.490461,1.925120,0.449123,0.946766,0.987556,0.198909
2,"GMM, признаки",0.383542,1156.060294,1.385536,0.960833,1.000000,0.490011,1.921666,0.448262,0.949679,0.988289,0.193948
2,"KMeans, статическая сеть",0.393025,1158.635791,1.388503,0.971232,1.000000,0.492703,1.942465,0.460513,0.950177,0.988742,0.174603
2,"KMeans, динамическая сеть",0.389769,1173.708025,1.388915,0.968415,1.000000,0.491976,1.936830,0.455803,0.952944,0.989152,0.187004
3,"KMeans, признаки",0.309063,987.722273,1.121803,0.863195,0.666667,0.547880,2.589586,0.477912,0.919290,0.972222,0.182044
3,"GMM, признаки",0.258920,867.550696,0.897128,0.851783,0.666667,0.543253,2.555349,0.497553,0.913517,0.972416,0.125496
3,"KMeans, статическая сеть",0.314736,970.785073,1.122336,0.890326,0.666667,0.558694,2.670978,0.490834,0.923109,0.974055,0.165179
3,"KMeans, динамическая сеть",0.316812,983.171612,1.128839,0.884623,0.666667,0.556436,2.653869,0.486119,0.926468,0.974681,0.174107
4,"KMeans, признаки",0.259777,819.734541,1.433438,0.811362,0.520441,0.570460,3.245448,0.495333,0.878227,0.951561,0.118552
4,"GMM, признаки",0.249396,764.660580,0.941920,0.835357,0.515817,0.583761,3.341427,0.509545,0.931443,0.972179,0.117063
4,"KMeans, статическая сеть",0.260033,809.701743,1.301754,0.851287,0.515141,0.591756,3.405148,0.521573,0.891275,0.957924,0.125000
4,"KMeans, динамическая сеть",0.264819,816.452961,1.325105,0.840611,0.517460,0.585789,3.362443,0.515035,0.895151,0.958010,0.123016
5,"KMeans, признаки",0.217319,745.782823,0.681408,0.793663,0.479550,0.574864,3.968317,0.509834,0.776816,0.913518,0.091766
5,"GMM, признаки",0.161948,618.609729,0.789862,0.804532,0.489782,0.577095,4.022661,0.525358,0.877516,0.951324,0.105655
5,"KMeans, статическая сеть",0.209499,734.897122,0.714491,0.833593,0.469124,0.599275,4.167964,0.545719,0.817734,0.930707,0.101190
5,"KMeans, динамическая сеть",0.213159,741.525594,0.706024,0.826866,0.474314,0.593949,4.134330,0.539102,0.813775,0.928852,0.099206
6,"KMeans, признаки",0.210774,689.448473,0.618298,0.758249,0.489263,0.553092,4.549491,0.509268,0.732496,0.885546,0.079365
6,"GMM, признаки",0.130676,523.381370,0.833506,0.744711,0.546844,0.529216,4.468264,0.519259,0.882318,0.947378,0.083333
6,"KMeans, статическая сеть",0.204238,677.371655,0.647626,0.808909,0.480253,0.582611,4.853453,0.543935,0.767601,0.902152,0.080853
6,"KMeans, динамическая сеть",0.206617,684.403107,0.624177,0.794393,0.492372,0.571075,4.766361,0.536618,0.751833,0.895380,0.081349
7,"KMeans, признаки",0.208559,636.397394,0.499697,0.713484,0.481062,0.531157,4.994389,0.500668,0.722729,0.875259,0.073909
7,"GMM, признаки",0.148787,511.696344,0.702439,0.718554,0.536291,0.518648,5.029875,0.514859,0.836354,0.927601,0.081349
7,"KMeans, статическая сеть",0.201524,622.964213,0.535239,0.777799,0.475730,0.567774,5.444590,0.542748,0.758089,0.894992,0.065476
7,"KMeans, динамическая сеть",0.206070,631.050246,0.520239,0.763022,0.477776,0.559196,5.341156,0.532251,0.743675,0.886905,0.065972
8,"KMeans, признаки",0.201860,594.907318,0.433239,0.687779,0.505988,0.510229,5.502231,0.500471,0.721162,0.870428,0.064484
8,"GMM, признаки",0.133443,456.249602,0.616502,0.652727,0.554227,0.479265,5.221814,0.493432,0.808082,0.911210,0.073413
8,"KMeans, статическая сеть",0.201011,579.703455,0.462362,0.765039,0.478387,0.560090,6.120312,0.548761,0.765065,0.894345,0.049603
8,"KMeans, динамическая сеть",0.201351,588.822126,0.450908,0.743530,0.499258,0.542256,5.948238,0.536237,0.748988,0.884770,0.062004
