mode,date,model,coverage,clusters,silhouette
СберИндекс,2023-01,"KMeans, все",1.000000,3,0.299127
СберИндекс,2023-01,"KMeans, назначенные HDBSCAN",0.363095,3,0.269670
СберИндекс,2023-01,HDBSCAN,0.363095,3,0.458293
СберИндекс,2023-02,"KMeans, все",1.000000,3,0.301616
СберИндекс,2023-02,"KMeans, назначенные HDBSCAN",0.405258,3,0.281899
СберИндекс,2023-02,HDBSCAN,0.405258,3,0.483515
СберИндекс,2023-03,"KMeans, все",1.000000,3,0.310626
СберИндекс,2023-03,"KMeans, назначенные HDBSCAN",0.415675,3,0.280256
СберИндекс,2023-03,HDBSCAN,0.415675,3,0.478948
СберИндекс,2023-04,"KMeans, все",1.000000,3,0.314290
СберИндекс,2023-04,"KMeans, назначенные HDBSCAN",0.355655,3,0.296655
СберИндекс,2023-04,HDBSCAN,0.355655,3,0.492137
СберИндекс,2023-05,"KMeans, все",1.000000,3,0.317142
СберИндекс,2023-05,"KMeans, назначенные HDBSCAN",0.365575,3,0.295142
СберИндекс,2023-05,HDBSCAN,0.365575,3,0.481672
СберИндекс,2023-06,"KMeans, все",1.000000,3,0.310017
СберИндекс,2023-06,"KMeans, назначенные HDBSCAN",0.374008,3,0.322664
СберИндекс,2023-06,HDBSCAN,0.374008,3,0.471383
СберИндекс,2023-07,"KMeans, все",1.000000,3,0.319439
СберИндекс,2023-07,"KMeans, назначенные HDBSCAN",0.362103,3,0.307743
СберИндекс,2023-07,HDBSCAN,0.362103,3,0.467998
СберИндекс,2023-08,"KMeans, все",1.000000,3,0.307551
СберИндекс,2023-08,"KMeans, назначенные HDBSCAN",0.305060,3,0.364525
СберИндекс,2023-08,HDBSCAN,0.305060,3,0.464894
СберИндекс,2023-09,"KMeans, все",1.000000,3,0.305163
СберИндекс,2023-09,"KMeans, назначенные HDBSCAN",0.261905,3,0.366889
СберИндекс,2023-09,HDBSCAN,0.261905,3,0.425445
СберИндекс,2023-10,"KMeans, все",1.000000,3,0.282236
СберИндекс,2023-10,"KMeans, назначенные HDBSCAN",0.281746,3,0.367161
СберИндекс,2023-10,HDBSCAN,0.281746,3,0.378024
СберИндекс,2023-11,"KMeans, все",1.000000,3,0.294261
СберИндекс,2023-11,"KMeans, назначенные HDBSCAN",0.230159,3,0.406191
СберИндекс,2023-11,HDBSCAN,0.230159,3,0.396772
СберИндекс,2023-12,"KMeans, все",1.000000,3,0.309668
СберИндекс,2023-12,"KMeans, назначенные HDBSCAN",0.238591,3,0.430188
СберИндекс,2023-12,HDBSCAN,0.238591,3,0.449091
СберИндекс,2024-01,"KMeans, все",1.000000,3,0.302494
СберИндекс,2024-01,"KMeans, назначенные HDBSCAN",0.213790,3,0.381211
СберИндекс,2024-01,HDBSCAN,0.213790,3,0.423380
СберИндекс,2024-02,"KMeans, все",1.000000,3,0.333904
СберИндекс,2024-02,"KMeans, назначенные HDBSCAN",0.262401,3,0.379217
СберИндекс,2024-02,HDBSCAN,0.262401,3,0.443897
СберИндекс,2024-03,"KMeans, все",1.000000,3,0.323746
СберИндекс,2024-03,"KMeans, назначенные HDBSCAN",0.326389,3,0.348442
СберИндекс,2024-03,HDBSCAN,0.326389,3,0.468964
СберИндекс,2024-04,"KMeans, все",1.000000,3,0.317138
СберИндекс,2024-04,"KMeans, назначенные HDBSCAN",0.325893,3,0.368428
СберИндекс,2024-04,HDBSCAN,0.325893,3,0.483223
СберИндекс,2024-05,"KMeans, все",1.000000,3,0.303868
СберИндекс,2024-05,"KMeans, назначенные HDBSCAN",0.296131,3,0.352713
СберИндекс,2024-05,HDBSCAN,0.296131,3,0.454190
СберИндекс,2024-06,"KMeans, все",1.000000,3,0.327496
СберИндекс,2024-06,"KMeans, назначенные HDBSCAN",0.393849,3,0.325052
СберИндекс,2024-06,HDBSCAN,0.393849,3,0.480888
СберИндекс,2024-07,"KMeans, все",1.000000,3,0.325243
СберИндекс,2024-07,"KMeans, назначенные HDBSCAN",0.294147,3,0.396665
СберИндекс,2024-07,HDBSCAN,0.294147,4,0.344895
СберИндекс,2024-08,"KMeans, все",1.000000,3,0.336860
СберИндекс,2024-08,"KMeans, назначенные HDBSCAN",0.796627,3,0.315892
СберИндекс,2024-08,HDBSCAN,0.796627,2,0.165427
СберИндекс,2024-09,"KMeans, все",1.000000,3,0.334235
СберИндекс,2024-09,"KMeans, назначенные HDBSCAN",0.828373,3,0.308128
СберИндекс,2024-09,HDBSCAN,0.828373,2,0.190651
СберИндекс,2024-10,"KMeans, все",1.000000,3,0.314652
СберИндекс,2024-10,"KMeans, назначенные HDBSCAN",0.254960,3,0.390261
СберИндекс,2024-10,HDBSCAN,0.254960,3,0.453750
СберИндекс,2024-11,"KMeans, все",1.000000,3,0.312323
СберИндекс,2024-11,"KMeans, назначенные HDBSCAN",0.203869,2,0.697868
СберИндекс,2024-11,HDBSCAN,0.203869,3,0.473498
СберИндекс,2024-12,"KMeans, все",1.000000,3,0.336201
СберИндекс,2024-12,"KMeans, назначенные HDBSCAN",0.253968,3,0.401314
СберИндекс,2024-12,HDBSCAN,0.253968,3,0.408847
СберИндекс + Росстат,2023-01,"KMeans, все",1.000000,4,0.227185
СберИндекс + Росстат,2023-01,"KMeans, назначенные HDBSCAN",0.503900,4,0.238769
СберИндекс + Росстат,2023-01,HDBSCAN,0.503900,2,0.174023
СберИндекс + Росстат,2023-02,"KMeans, все",1.000000,4,0.235577
СберИндекс + Росстат,2023-02,"KMeans, назначенные HDBSCAN",0.532501,4,0.215353
СберИндекс + Росстат,2023-02,HDBSCAN,0.532501,2,0.251313
СберИндекс + Росстат,2023-03,"KMeans, все",1.000000,4,0.219444
СберИндекс + Росстат,2023-03,"KMeans, назначенные HDBSCAN",0.584503,4,0.330629
СберИндекс + Росстат,2023-03,HDBSCAN,0.584503,2,0.219039
СберИндекс + Росстат,2023-04,"KMeans, все",1.000000,4,0.238358
СберИндекс + Росстат,2023-04,"KMeans, назначенные HDBSCAN",0.528341,4,0.288719
СберИндекс + Росстат,2023-04,HDBSCAN,0.528341,2,0.259371
СберИндекс + Росстат,2023-05,"KMeans, все",1.000000,4,0.248027
СберИндекс + Росстат,2023-05,"KMeans, назначенные HDBSCAN",0.561622,4,0.288242
СберИндекс + Росстат,2023-05,HDBSCAN,0.561622,2,0.264094
СберИндекс + Росстат,2023-06,"KMeans, все",1.000000,4,0.250175
СберИндекс + Росстат,2023-06,"KMeans, назначенные HDBSCAN",0.579303,4,0.290097
СберИндекс + Росстат,2023-06,HDBSCAN,0.579303,2,0.264906
СберИндекс + Росстат,2023-07,"KMeans, все",1.000000,4,0.257396
СберИндекс + Росстат,2023-07,"KMeans, назначенные HDBSCAN",0.578783,4,0.267049
СберИндекс + Росстат,2023-07,HDBSCAN,0.578783,2,0.203383
СберИндекс + Росстат,2023-08,"KMeans, все",1.000000,4,0.238368
СберИндекс + Росстат,2023-08,"KMeans, назначенные HDBSCAN",0.233489,3,0.437246
СберИндекс + Росстат,2023-08,HDBSCAN,0.233489,5,0.297896
СберИндекс + Росстат,2023-09,"KMeans, все",1.000000,4,0.227482
СберИндекс + Росстат,2023-09,"KMeans, назначенные HDBSCAN",0.555382,4,0.159791
СберИндекс + Росстат,2023-09,HDBSCAN,0.555382,2,0.249416
СберИндекс + Росстат,2023-10,"KMeans, все",1.000000,4,0.241209
СберИндекс + Росстат,2023-10,"KMeans, назначенные HDBSCAN",0.510660,4,0.233958
СберИндекс + Росстат,2023-10,HDBSCAN,0.510660,2,0.227609
СберИндекс + Росстат,2023-11,"KMeans, все",1.000000,4,0.242364
СберИндекс + Росстат,2023-11,"KMeans, назначенные HDBSCAN",0.538742,4,0.158945
СберИндекс + Росстат,2023-11,HDBSCAN,0.538742,2,0.238039
СберИндекс + Росстат,2023-12,"KMeans, все",1.000000,4,0.243290
СберИндекс + Росстат,2023-12,"KMeans, назначенные HDBSCAN",0.243890,3,0.434847
СберИндекс + Росстат,2023-12,HDBSCAN,0.243890,4,0.150171
СберИндекс + Росстат,2024-01,"KMeans, все",1.000000,4,0.238548
СберИндекс + Росстат,2024-01,"KMeans, назначенные HDBSCAN",0.216849,3,0.440691
СберИндекс + Росстат,2024-01,HDBSCAN,0.216849,3,0.171818
СберИндекс + Росстат,2024-02,"KMeans, все",1.000000,4,0.223324
СберИндекс + Росстат,2024-02,"KMeans, назначенные HDBSCAN",0.207488,3,0.467599
СберИндекс + Росстат,2024-02,HDBSCAN,0.207488,3,0.377279
СберИндекс + Росстат,2024-03,"KMeans, все",1.000000,4,0.256409
СберИндекс + Росстат,2024-03,"KMeans, назначенные HDBSCAN",0.556422,4,0.227934
СберИндекс + Росстат,2024-03,HDBSCAN,0.556422,2,0.238963
СберИндекс + Росстат,2024-04,"KMeans, все",1.000000,4,0.256164
СберИндекс + Росстат,2024-04,"KMeans, назначенные HDBSCAN",0.490900,4,0.278405
СберИндекс + Росстат,2024-04,HDBSCAN,0.490900,2,0.250994
СберИндекс + Росстат,2024-05,"KMeans, все",1.000000,4,0.256197
СберИндекс + Росстат,2024-05,"KMeans, назначенные HDBSCAN",0.502860,4,0.254037
СберИндекс + Росстат,2024-05,HDBSCAN,0.502860,2,0.264330
СберИндекс + Росстат,2024-06,"KMeans, все",1.000000,4,0.255926
СберИндекс + Росстат,2024-06,"KMeans, назначенные HDBSCAN",0.529381,4,0.193193
СберИндекс + Росстат,2024-06,HDBSCAN,0.529381,2,0.236161
СберИндекс + Росстат,2024-07,"KMeans, все",1.000000,4,0.264321
СберИндекс + Росстат,2024-07,"KMeans, назначенные HDBSCAN",0.541342,4,0.200384
СберИндекс + Росстат,2024-07,HDBSCAN,0.541342,2,0.239021
СберИндекс + Росстат,2024-08,"KMeans, все",1.000000,4,0.277187
СберИндекс + Росстат,2024-08,"KMeans, назначенные HDBSCAN",0.459178,4,0.236373
СберИндекс + Росстат,2024-08,HDBSCAN,0.459178,2,0.207706
СберИндекс + Росстат,2024-09,"KMeans, все",1.000000,4,0.261893
СберИндекс + Росстат,2024-09,"KMeans, назначенные HDBSCAN",0.208008,3,0.481498
СберИндекс + Росстат,2024-09,HDBSCAN,0.208008,3,0.243883
СберИндекс + Росстат,2024-10,"KMeans, все",1.000000,4,0.242495
СберИндекс + Росстат,2024-10,"KMeans, назначенные HDBSCAN",0.215289,3,0.469483
СберИндекс + Росстат,2024-10,HDBSCAN,0.215289,3,0.267228
СберИндекс + Росстат,2024-11,"KMeans, все",1.000000,4,0.233694
СберИндекс + Росстат,2024-11,"KMeans, назначенные HDBSCAN",0.492460,4,0.360565
СберИндекс + Росстат,2024-11,HDBSCAN,0.492460,2,0.234548
СберИндекс + Росстат,2024-12,"KMeans, все",1.000000,4,0.262047
СберИндекс + Росстат,2024-12,"KMeans, назначенные HDBSCAN",0.473739,4,0.245478
СберИндекс + Росстат,2024-12,HDBSCAN,0.473739,2,0.249293
