model,date,sw,ch,s_dbw,avi,avu,anui,mq,modularity
"KMeans, признаки",2023-01,0.284469,708.104108,1.082350,0.844052,0.666667,0.540124,2.532157,0.480155
"GMM, признаки",2023-01,0.221689,593.208658,1.059251,0.821367,0.666667,0.530744,2.464102,0.489926
"KMeans, статическая сеть",2023-01,0.294484,696.246993,1.082389,0.876882,0.666667,0.553382,2.630647,0.494440
"KMeans, динамическая сеть",2023-01,0.295411,705.602175,1.089057,0.870294,0.666667,0.550751,2.610882,0.489138
"KMeans, признаки",2023-02,0.290325,747.291984,1.084932,0.844559,0.666667,0.540331,2.533677,0.482697
"GMM, признаки",2023-02,0.227403,606.497111,0.861494,0.831045,0.666667,0.534768,2.493135,0.501462
"KMeans, статическая сеть",2023-02,0.301858,737.883456,1.019824,0.881324,0.666667,0.555147,2.643971,0.500205
"KMeans, динамическая сеть",2023-02,0.299425,743.646176,1.037620,0.868860,0.666667,0.550176,2.606581,0.492739
"KMeans, признаки",2023-03,0.292009,821.792559,1.070041,0.842365,0.666667,0.539433,2.527096,0.483551
"GMM, признаки",2023-03,0.235306,679.223451,0.897026,0.831364,0.666667,0.534900,2.494091,0.501662
"KMeans, статическая сеть",2023-03,0.301186,810.470465,1.174414,0.871114,0.666667,0.551079,2.613343,0.496959
"KMeans, динамическая сеть",2023-03,0.301532,817.528306,1.113701,0.862999,0.666667,0.547820,2.588998,0.492932
"KMeans, признаки",2023-04,0.294362,943.197107,1.001675,0.845506,0.666667,0.540719,2.536517,0.478800
"GMM, признаки",2023-04,0.245028,846.035835,0.874628,0.845716,0.666667,0.540805,2.537149,0.501647
"KMeans, статическая сеть",2023-04,0.306559,936.110254,0.957654,0.891798,0.666667,0.559285,2.675394,0.498246
"KMeans, динамическая сеть",2023-04,0.307728,945.739225,0.951024,0.875941,0.666667,0.553007,2.627823,0.489072
"KMeans, признаки",2023-05,0.294866,957.123498,1.010399,0.846900,0.666667,0.541288,2.540699,0.476322
"GMM, признаки",2023-05,0.246468,845.377274,0.871245,0.839607,0.666667,0.538300,2.518822,0.493056
"KMeans, статическая сеть",2023-05,0.304763,943.826676,1.128683,0.881797,0.666667,0.555335,2.645392,0.492658
"KMeans, динамическая сеть",2023-05,0.304472,956.694663,1.066905,0.864178,0.666667,0.548295,2.592535,0.483458
"KMeans, признаки",2023-06,0.305060,1024.863253,1.069610,0.863699,0.666667,0.548102,2.591098,0.482483
"GMM, признаки",2023-06,0.257649,904.264257,0.829759,0.846810,0.666667,0.541252,2.540430,0.495814
"KMeans, статическая сеть",2023-06,0.312731,1012.341662,0.985984,0.902986,0.666667,0.563665,2.708957,0.498799
"KMeans, динамическая сеть",2023-06,0.312961,1025.137444,1.017166,0.889794,0.666667,0.558496,2.669382,0.491230
"KMeans, признаки",2023-07,0.307604,1012.119608,1.180756,0.860932,0.666667,0.546987,2.582796,0.480063
"GMM, признаки",2023-07,0.264595,913.600145,0.940727,0.847576,0.666667,0.541565,2.542728,0.496377
"KMeans, статическая сеть",2023-07,0.313105,995.782962,1.107696,0.892779,0.666667,0.559671,2.678337,0.496019
"KMeans, динамическая сеть",2023-07,0.314958,1010.159275,1.176477,0.883626,0.666667,0.556060,2.650879,0.488923
"KMeans, признаки",2023-08,0.305563,981.369942,1.062452,0.866245,0.666667,0.549126,2.598734,0.477430
"GMM, признаки",2023-08,0.260691,878.426529,0.881586,0.858831,0.666667,0.546138,2.576492,0.498813
"KMeans, статическая сеть",2023-08,0.309734,967.115785,1.071096,0.889289,0.666667,0.558297,2.667866,0.488171
"KMeans, динамическая сеть",2023-08,0.312464,979.596033,1.098683,0.885705,0.666667,0.556883,2.657116,0.484744
"KMeans, признаки",2023-09,0.301402,948.234361,1.232497,0.868307,0.666667,0.549954,2.604921,0.472333
"GMM, признаки",2023-09,0.251575,821.980253,0.906803,0.849218,0.666667,0.542234,2.547653,0.486645
"KMeans, статическая сеть",2023-09,0.304165,938.421026,1.196133,0.897636,0.666667,0.561575,2.692907,0.485140
"KMeans, динамическая сеть",2023-09,0.306244,946.569198,1.244426,0.889086,0.666667,0.558217,2.667259,0.480119
"KMeans, признаки",2023-10,0.300629,927.703455,1.266854,0.872063,0.666667,0.551459,2.616190,0.471059
"GMM, признаки",2023-10,0.248598,781.717937,0.994723,0.855004,0.666667,0.544588,2.565012,0.489682
"KMeans, статическая сеть",2023-10,0.301857,911.045531,1.274385,0.892178,0.666667,0.559435,2.676535,0.481773
"KMeans, динамическая сеть",2023-10,0.305384,921.824108,1.344560,0.881467,0.666667,0.555204,2.644400,0.475721
"KMeans, признаки",2023-11,0.302173,903.483707,1.220106,0.861367,0.666667,0.547162,2.584100,0.466319
"GMM, признаки",2023-11,0.249188,760.283074,0.904830,0.848874,0.666667,0.542094,2.546623,0.486160
"KMeans, статическая сеть",2023-11,0.303239,886.307782,1.292371,0.879452,0.666667,0.554404,2.638355,0.476833
"KMeans, динамическая сеть",2023-11,0.307958,900.705300,1.251941,0.878016,0.666667,0.553833,2.634049,0.474091
"KMeans, признаки",2023-12,0.307178,949.119554,1.450886,0.864253,0.666667,0.548325,2.592758,0.477177
"GMM, признаки",2023-12,0.257320,782.180077,0.980709,0.849240,0.666667,0.542244,2.547721,0.495863
"KMeans, статическая сеть",2023-12,0.309262,927.275174,1.465810,0.882333,0.666667,0.555548,2.646999,0.487778
"KMeans, динамическая сеть",2023-12,0.314082,946.684209,1.443795,0.889031,0.666667,0.558196,2.667094,0.488158
"KMeans, признаки",2024-01,0.306263,906.357375,1.083628,0.861561,0.666667,0.547240,2.584682,0.460583
"GMM, признаки",2024-01,0.254462,796.996430,0.939162,0.847053,0.666667,0.541351,2.541158,0.478779
"KMeans, статическая сеть",2024-01,0.310838,888.583765,1.120098,0.882133,0.666667,0.555468,2.646400,0.473353
"KMeans, динамическая сеть",2024-01,0.315153,901.050305,1.098797,0.879281,0.666667,0.554336,2.637842,0.467370
"KMeans, признаки",2024-02,0.309549,944.084809,1.036057,0.864678,0.666667,0.548496,2.594034,0.473018
"GMM, признаки",2024-02,0.259037,822.135112,0.980801,0.852005,0.666667,0.543369,2.556014,0.493366
"KMeans, статическая сеть",2024-02,0.315329,924.047020,1.066298,0.889865,0.666667,0.558524,2.669594,0.487789
"KMeans, динамическая сеть",2024-02,0.317999,938.722290,1.074828,0.885219,0.666667,0.556690,2.655658,0.483844
"KMeans, признаки",2024-03,0.315535,1006.765312,1.347875,0.863012,0.666667,0.547826,2.589037,0.478113
"GMM, признаки",2024-03,0.265009,887.511862,0.992598,0.851394,0.666667,0.543121,2.554181,0.498020
"KMeans, статическая сеть",2024-03,0.317129,985.390375,1.187250,0.892266,0.666667,0.559469,2.676798,0.493975
"KMeans, динамическая сеть",2024-03,0.320417,1001.716594,1.241848,0.887982,0.666667,0.557782,2.663946,0.489658
"KMeans, признаки",2024-04,0.316839,1086.170074,1.022587,0.864686,0.666667,0.548499,2.594058,0.481567
"GMM, признаки",2024-04,0.268089,979.952714,0.828907,0.849483,0.666667,0.542342,2.548448,0.496383
"KMeans, статическая сеть",2024-04,0.323868,1070.364126,0.945904,0.888352,0.666667,0.557928,2.665056,0.492501
"KMeans, динамическая сеть",2024-04,0.327129,1080.482999,1.025886,0.879648,0.666667,0.554482,2.638944,0.485823
"KMeans, признаки",2024-05,0.314731,1090.504847,1.049040,0.872596,0.666667,0.551672,2.617787,0.483891
"GMM, признаки",2024-05,0.268040,980.624932,0.774689,0.859403,0.666667,0.546369,2.578208,0.502695
"KMeans, статическая сеть",2024-05,0.323233,1076.531544,1.141873,0.892143,0.666667,0.559421,2.676429,0.492896
"KMeans, динамическая сеть",2024-05,0.323620,1084.612111,1.126660,0.888039,0.666667,0.557804,2.664117,0.489569
"KMeans, признаки",2024-06,0.316399,1181.749572,1.287203,0.869281,0.666667,0.550345,2.607843,0.483988
"GMM, признаки",2024-06,0.277744,1091.198035,0.820274,0.861268,0.666667,0.547122,2.583805,0.504272
"KMeans, статическая сеть",2024-06,0.323458,1170.274085,1.290191,0.893159,0.666667,0.559820,2.679477,0.494816
"KMeans, динамическая сеть",2024-06,0.323555,1177.594607,1.292705,0.884052,0.666667,0.556229,2.652157,0.489560
"KMeans, признаки",2024-07,0.323503,1158.237829,0.983132,0.873646,0.666667,0.552091,2.620939,0.482301
"GMM, признаки",2024-07,0.282040,1058.521081,0.776057,0.859936,0.666667,0.546584,2.579809,0.501210
"KMeans, статическая сеть",2024-07,0.328790,1140.743954,0.910996,0.902945,0.666667,0.563649,2.708835,0.494924
"KMeans, динамическая сеть",2024-07,0.331554,1148.641468,0.978548,0.901061,0.666667,0.562914,2.703183,0.491945
"KMeans, признаки",2024-08,0.334413,1187.075238,0.986000,0.875102,0.666667,0.552672,2.625305,0.479796
"GMM, признаки",2024-08,0.288139,1084.323547,0.894114,0.862603,0.666667,0.547661,2.587810,0.499436
"KMeans, статическая сеть",2024-08,0.337822,1162.584066,0.983634,0.895397,0.666667,0.560699,2.686191,0.490058
"KMeans, динамическая сеть",2024-08,0.341690,1180.903654,0.992013,0.896152,0.666667,0.560994,2.688456,0.487139
"KMeans, признаки",2024-09,0.317715,1044.533449,1.082178,0.875744,0.666667,0.552928,2.627233,0.477458
"GMM, признаки",2024-09,0.270721,946.793149,0.917817,0.863930,0.666667,0.548195,2.591790,0.499424
"KMeans, статическая сеть",2024-09,0.323743,1022.304114,1.124661,0.901689,0.666667,0.563159,2.705067,0.489413
"KMeans, динамическая сеть",2024-09,0.324906,1034.637572,1.123476,0.899710,0.666667,0.562387,2.699131,0.485307
"KMeans, признаки",2024-10,0.321934,1056.972192,1.185500,0.875107,0.666667,0.552674,2.625322,0.478127
"GMM, признаки",2024-10,0.269413,928.066558,0.924451,0.870027,0.666667,0.550644,2.610080,0.505955
"KMeans, статическая сеть",2024-10,0.325127,1033.293483,1.219403,0.904260,0.666667,0.564161,2.712781,0.491097
"KMeans, динамическая сеть",2024-10,0.327593,1047.991901,1.185262,0.899603,0.666667,0.562345,2.698809,0.485792
"KMeans, признаки",2024-11,0.318353,1037.561048,1.070950,0.866683,0.666667,0.549302,2.600048,0.474607
"GMM, признаки",2024-11,0.266594,908.562487,0.831520,0.871795,0.666667,0.551351,2.615385,0.507227
"KMeans, статическая сеть",2024-11,0.322571,1013.405379,1.096529,0.895152,0.666667,0.560602,2.685456,0.486722
"KMeans, динамическая сеть",2024-11,0.325170,1027.883035,1.063595,0.895565,0.666667,0.560765,2.686696,0.484320
"KMeans, признаки",2024-12,0.336647,1080.919665,1.056554,0.874348,0.666667,0.552371,2.623044,0.488054
"GMM, признаки",2024-12,0.279295,923.736188,0.847888,0.869246,0.666667,0.550331,2.607738,0.517394
"KMeans, статическая сеть",2024-12,0.338813,1048.492084,1.092792,0.890894,0.666667,0.558929,2.672682,0.495448
"KMeans, динамическая сеть",2024-12,0.342093,1071.996033,1.053160,0.895643,0.666667,0.560795,2.686928,0.496196
