k,run,mean_monthly_ari,min_cluster_jaccard
2,1,0.9904095668103814,0.9902359641985354
3,1,0.9569400967486376,0.9379553466509988
4,1,0.9231391734895746,0.8587843642611683
5,1,0.8867040829130864,0.858357628765792
6,1,0.7630750529367912,0.7273525859229164
7,1,0.7421202073611223,0.6709434797035726
8,1,0.5100264733498953,0.2790130680709967
2,2,0.9833647291342755,0.983245352306633
3,2,0.9788709069647976,0.9692154915590864
4,2,0.946131802782979,0.8978936094252052
5,2,0.9289015454582362,0.9013308240354886
6,2,0.9319438553408097,0.9239916064350665
7,2,0.9193651561458248,0.8543360433604336
8,2,0.7590949958191929,0.5771144278606966
2,3,0.9810045276312511,0.981038374717833
3,3,0.9675898631193903,0.956333498268184
4,3,0.9597648378413922,0.9329991441496516
5,3,0.9448604123574911,0.9230454916916372
6,3,0.8839688750903173,0.8798734435599102
7,3,0.9175049643452359,0.7907780979827089
8,3,0.9090608617005435,0.8801677651288197
2,4,0.9877110295382737,0.987780269058296
3,4,0.9818831356144307,0.9726061511642385
4,4,0.9763361867917445,0.959731543624161
5,4,0.9185742829994347,0.9202014846235419
6,4,0.9472986025062107,0.9442001516300228
7,4,0.94643971833394,0.9270758122743682
8,4,0.8140619586855443,0.6974337748344371
2,5,0.9878501414064195,0.9876269405859694
3,5,0.9380671263379302,0.9159393661001378
4,5,0.961505772975972,0.9427149635458859
5,5,0.9575575737216138,0.9493099787685775
6,5,0.9035847490416239,0.8921972460868541
7,5,0.9230674269545567,0.8652831516004221
8,5,0.9287916050656388,0.8960660514813016
2,6,0.9849720630199084,0.9851628737170905
3,6,0.9269234770442575,0.8957276518994476
4,6,0.9474286422478867,0.9071980963712076
5,6,0.9282560327303763,0.8870343169982641
6,6,0.9493396997453579,0.9397282174260592
7,6,0.6456088116095481,0.558974358974359
8,6,0.8374029236817329,0.7300874497754668
2,7,0.9863605816653193,0.9864319354115273
3,7,0.9813154059812211,0.9727329580988118
4,7,0.9700414209310709,0.9465393202679236
5,7,0.9237262900282123,0.863897923442582
6,7,0.9081035593941955,0.8979591836734694
7,7,0.9204448915434879,0.8229199372056515
8,7,0.671299944237225,0.41997851772287864
2,8,0.9851050093920873,0.9850490755535266
3,8,0.9569611270746171,0.9360166381208711
4,8,0.9101870884644755,0.8427821241024542
5,8,0.8837708980581613,0.8973679041445688
6,8,0.8874880163461333,0.8672985781990521
7,8,0.6401662483792313,0.5625748829103584
8,8,0.8197134423282794,0.6708562450903378
2,9,0.9907705509587156,0.9909621955251846
3,9,0.9802219012874535,0.9728585657370518
4,9,0.9678502263653868,0.9445926285160039
5,9,0.9209489822848668,0.9152609908354363
6,9,0.9405493772406158,0.9351021871638581
7,9,0.8739889440814684,0.5489846811542572
8,9,0.7866230209519903,0.4416058394160584
2,10,0.9868015186812217,0.9871343743127337
3,10,0.9349631569335961,0.913552704963748
4,10,0.9355967551879388,0.8798147520614481
5,10,0.9056594252338418,0.8241652654335816
6,10,0.9086469696040327,0.9052914579005255
7,10,0.9193824675738819,0.8846539618856569
8,10,0.9062609567114689,0.8082322910019145
