metric,year,fold,n,baseline_mse,type_mse
income,2023,1,293,0.07915874289307269,0.0747199060091998
income,2023,2,293,0.08692394763552863,0.08408685063858694
income,2023,3,293,0.11585837466253798,0.10773865526779663
income,2023,4,293,0.09594635366961858,0.08969845261766635
income,2023,5,292,0.09628164792912683,0.09745254892014558
income,2024,1,293,0.08299614236861826,0.07685008068961159
income,2024,2,293,0.08998751000976338,0.08764338274422431
income,2024,3,293,0.1268595909749826,0.11714190298000823
income,2024,4,293,0.09525183445854668,0.08534116041657439
income,2024,5,292,0.10154024465856996,0.09859696143802973
housing,2023,1,299,0.07778752095267702,0.06574218178181877
housing,2023,2,299,0.07463924008056162,0.07543696952474963
housing,2023,3,298,0.06155303586778109,0.05838295709027883
housing,2023,4,298,0.06437403777984471,0.06043753298920454
housing,2023,5,298,0.10821194280332193,0.09326390104270714
housing,2024,1,299,0.07602049588784966,0.07017619285249822
housing,2024,2,299,0.07200586466181833,0.0717697609884329
housing,2024,3,298,0.06963868611661445,0.06820730286722243
housing,2024,4,298,0.06957015667007663,0.0634177169622661
housing,2024,5,298,0.10664980683873485,0.09212209232698448
investment,2023,1,359,1.8133027975537588,1.7512254392093891
investment,2023,2,359,1.5287971157699987,1.526648347802381
investment,2023,3,359,1.5077074206788408,1.4772811504413461
investment,2023,4,358,1.3980526680138468,1.3780367200969024
investment,2023,5,358,1.9457939162165574,1.9367092128911036
investment,2024,1,359,1.8559789466678258,1.7974187740658827
investment,2024,2,359,1.5016374214630597,1.510847898163096
investment,2024,3,359,1.5761406127970075,1.5408068695771582
investment,2024,4,358,1.445253607015434,1.416919457847986
investment,2024,5,358,1.9258772023355186,1.8935080127739616
