removed,month,ari,agreement
relative_spend,1,0.5369940087160021,0.8283730158730159
relative_spend,2,0.49810360807469817,0.8100198412698413
relative_spend,3,0.5143632359545504,0.8159722222222222
relative_spend,4,0.5484928768472218,0.8263888888888888
relative_spend,5,0.5581841723777831,0.8328373015873016
relative_spend,6,0.5730023457088381,0.8392857142857143
relative_spend,7,0.587326692854076,0.8447420634920635
relative_spend,8,0.5825634963659976,0.8422619047619048
relative_spend,9,0.5792265060957481,0.841765873015873
relative_spend,10,0.591228352863164,0.8482142857142857
relative_spend,11,0.592319711480625,0.8492063492063492
relative_spend,12,0.5872896343175076,0.8472222222222222
relative_spend,13,0.6754111810980251,0.8839285714285714
relative_spend,14,0.6397558851143313,0.8685515873015873
relative_spend,15,0.6450246536753049,0.8715277777777778
relative_spend,16,0.6441743138083127,0.8685515873015873
relative_spend,17,0.651589296614386,0.8740079365079365
relative_spend,18,0.6315457682212415,0.8640873015873016
relative_spend,19,0.6507360585146533,0.8705357142857143
relative_spend,20,0.7045599801772671,0.8943452380952381
relative_spend,21,0.6797290856692971,0.8854166666666666
relative_spend,22,0.6812888820194072,0.8864087301587301
relative_spend,23,0.6815433542413833,0.8874007936507936
relative_spend,24,0.6735893604331171,0.8839285714285714
health_share,1,0.8142441357321589,0.9365079365079365
health_share,2,0.7886051475999251,0.9260912698412699
health_share,3,0.8294948156701039,0.941468253968254
health_share,4,0.8548642490493172,0.9479166666666666
health_share,5,0.8678010779572263,0.9518849206349206
health_share,6,0.8822681179653582,0.9563492063492064
health_share,7,0.885710853941145,0.9573412698412699
health_share,8,0.892206062177298,0.9608134920634921
health_share,9,0.875571950338477,0.9563492063492064
health_share,10,0.8720602930432093,0.9543650793650794
health_share,11,0.8890359770180297,0.9598214285714286
health_share,12,0.8860341959950127,0.9603174603174603
health_share,13,0.8624813283326196,0.9494047619047619
health_share,14,0.8555956818811753,0.9474206349206349
health_share,15,0.88665612423061,0.9588293650793651
health_share,16,0.8893999842228313,0.9588293650793651
health_share,17,0.882135254678487,0.9563492063492064
health_share,18,0.891615698437588,0.9598214285714286
health_share,19,0.8938735604183559,0.9603174603174603
health_share,20,0.9049679597487603,0.9632936507936508
health_share,21,0.8820955313713158,0.9563492063492064
health_share,22,0.8835418246006121,0.9573412698412699
health_share,23,0.8927897660038716,0.9608134920634921
health_share,24,0.8890412861657092,0.9593253968253969
marketplace_share,1,0.8629294708153455,0.9553571428571429
marketplace_share,2,0.8390698587585237,0.9479166666666666
marketplace_share,3,0.8303616363255606,0.9439484126984127
marketplace_share,4,0.835209276097401,0.9444444444444444
marketplace_share,5,0.8135123058661303,0.9375
marketplace_share,6,0.8411958766958175,0.9469246031746031
marketplace_share,7,0.8359394289675435,0.9449404761904762
marketplace_share,8,0.8549116915229716,0.9508928571428571
marketplace_share,9,0.86705521155659,0.9548611111111112
marketplace_share,10,0.8409934611641412,0.9469246031746031
marketplace_share,11,0.8326693042697101,0.9439484126984127
marketplace_share,12,0.8345695973520577,0.9439484126984127
marketplace_share,13,0.8513507601645866,0.9494047619047619
marketplace_share,14,0.8347169944121551,0.9434523809523809
marketplace_share,15,0.8420056089386218,0.9464285714285714
marketplace_share,16,0.8420182201854537,0.9459325396825397
marketplace_share,17,0.8424447032467998,0.9464285714285714
marketplace_share,18,0.8511835855422174,0.9489087301587301
marketplace_share,19,0.8679228848737474,0.9543650793650794
marketplace_share,20,0.8497560976964916,0.9479166666666666
marketplace_share,21,0.8424269261559227,0.9459325396825397
marketplace_share,22,0.8397104444433837,0.9459325396825397
marketplace_share,23,0.8417136498769311,0.9464285714285714
marketplace_share,24,0.8546194960764848,0.9513888888888888
food_service_share,1,0.8651066759660273,0.9568452380952381
food_service_share,2,0.8729627264380904,0.9593253968253969
food_service_share,3,0.8690569067032302,0.9583333333333334
food_service_share,4,0.8809764362723119,0.9608134920634921
food_service_share,5,0.8681093753324046,0.9563492063492064
food_service_share,6,0.8828146193786438,0.9613095238095238
food_service_share,7,0.8853355343068332,0.9608134920634921
food_service_share,8,0.8945929777482957,0.9637896825396826
food_service_share,9,0.8976109850225047,0.9657738095238095
food_service_share,10,0.8995409688537571,0.9662698412698413
food_service_share,11,0.889572159711269,0.9637896825396826
food_service_share,12,0.8947390281163183,0.9652777777777778
food_service_share,13,0.8846258660998612,0.9588293650793651
food_service_share,14,0.8907140681132606,0.9627976190476191
food_service_share,15,0.8973760005968998,0.9657738095238095
food_service_share,16,0.8904389727549806,0.9637896825396826
food_service_share,17,0.8976421951911194,0.9662698412698413
food_service_share,18,0.8899821410347741,0.9623015873015873
food_service_share,19,0.9161038440921976,0.9712301587301587
food_service_share,20,0.9046595570423278,0.9672619047619048
food_service_share,21,0.9020044355739736,0.9672619047619048
food_service_share,22,0.910345085431809,0.9702380952380952
food_service_share,23,0.9205030856935759,0.9737103174603174
food_service_share,24,0.9097419768990592,0.9697420634920635
grocery_share,1,0.8838887890155024,0.9627976190476191
grocery_share,2,0.8949737267423123,0.966765873015873
grocery_share,3,0.8731604331810076,0.9593253968253969
grocery_share,4,0.8868161894465059,0.9627976190476191
grocery_share,5,0.8969885645774234,0.9657738095238095
grocery_share,6,0.907475224411208,0.96875
grocery_share,7,0.9043307438677808,0.9662698412698413
grocery_share,8,0.9031153269919602,0.9657738095238095
grocery_share,9,0.8915981618344323,0.9632936507936508
grocery_share,10,0.9258020670846707,0.9756944444444444
grocery_share,11,0.8936899582004101,0.964781746031746
grocery_share,12,0.9054713443409632,0.96875
grocery_share,13,0.9004108575604716,0.9652777777777778
grocery_share,14,0.9174346758764941,0.9712301587301587
grocery_share,15,0.9098030328795214,0.9702380952380952
grocery_share,16,0.9356103202570748,0.9781746031746031
grocery_share,17,0.93673583334931,0.9781746031746031
grocery_share,18,0.9301849221209596,0.9756944444444444
grocery_share,19,0.9451793977162897,0.9796626984126984
grocery_share,20,0.9322718213934601,0.9751984126984127
grocery_share,21,0.9280314162135674,0.9747023809523809
grocery_share,22,0.9279893392638238,0.9747023809523809
grocery_share,23,0.9351367240570356,0.9776785714285714
grocery_share,24,0.9382010741434069,0.9791666666666666
transport_share,1,0.8803354177838424,0.9608134920634921
transport_share,2,0.8845131893737228,0.9623015873015873
transport_share,3,0.8885125144844775,0.9637896825396826
transport_share,4,0.8953223773689353,0.964781746031746
transport_share,5,0.8849360629826443,0.9608134920634921
transport_share,6,0.9104967846519761,0.9692460317460317
transport_share,7,0.9024947690132726,0.9657738095238095
transport_share,8,0.9153584980533009,0.970734126984127
transport_share,9,0.9054006103505255,0.9672619047619048
transport_share,10,0.9140691334414169,0.9702380952380952
transport_share,11,0.9120506708856047,0.9712301587301587
transport_share,12,0.9047072070762371,0.96875
transport_share,13,0.8858012705567039,0.9578373015873016
transport_share,14,0.9000432993103061,0.9662698412698413
transport_share,15,0.8994293053526469,0.9662698412698413
transport_share,16,0.8977928347665164,0.964781746031746
transport_share,17,0.9159954384136549,0.970734126984127
transport_share,18,0.9135398643567834,0.96875
transport_share,19,0.9244612944375818,0.9732142857142857
transport_share,20,0.9210828982444679,0.9712301587301587
transport_share,21,0.9197868131775028,0.9732142857142857
transport_share,22,0.9275308173334627,0.9756944444444444
transport_share,23,0.9013185465517137,0.9662698412698413
transport_share,24,0.9248703511192335,0.9737103174603174
log_market_access,1,0.5598721260687926,0.8308531746031746
log_market_access,2,0.53722559296769,0.8239087301587301
log_market_access,3,0.5709433231302137,0.8373015873015873
log_market_access,4,0.6047045075532356,0.8452380952380952
log_market_access,5,0.6234583014624528,0.8551587301587301
log_market_access,6,0.6584592729201203,0.8685515873015873
log_market_access,7,0.6763234835437512,0.8735119047619048
log_market_access,8,0.670887528298941,0.873015873015873
log_market_access,9,0.6772599965566015,0.8774801587301587
log_market_access,10,0.7025718433292568,0.8883928571428571
log_market_access,11,0.6853699568223228,0.8799603174603174
log_market_access,12,0.6503416783370263,0.8665674603174603
log_market_access,13,0.6698321311698447,0.873015873015873
log_market_access,14,0.6570755596602497,0.8680555555555556
log_market_access,15,0.675370850405379,0.8754960317460317
log_market_access,16,0.6687019709599609,0.8690476190476191
log_market_access,17,0.6536005134957358,0.8645833333333334
log_market_access,18,0.6575142151806244,0.8670634920634921
log_market_access,19,0.6782560666990446,0.8715277777777778
log_market_access,20,0.6861389642115238,0.876984126984127
log_market_access,21,0.6897559653600609,0.8804563492063492
log_market_access,22,0.7030441229970874,0.8859126984126984
log_market_access,23,0.6804706244894587,0.876984126984127
log_market_access,24,0.6852527502349184,0.8784722222222222
"marketplace_share,log_market_access",1,0.5156389137938224,0.808531746031746
"marketplace_share,log_market_access",2,0.5111773625002795,0.8095238095238095
"marketplace_share,log_market_access",3,0.5321757657215983,0.8179563492063492
"marketplace_share,log_market_access",4,0.535066175412978,0.8110119047619048
"marketplace_share,log_market_access",5,0.5711654771065195,0.8318452380952381
"marketplace_share,log_market_access",6,0.6043391198033218,0.8447420634920635
"marketplace_share,log_market_access",7,0.5989209222390468,0.8412698412698413
"marketplace_share,log_market_access",8,0.6004244192607052,0.8422619047619048
"marketplace_share,log_market_access",9,0.6026460623890352,0.8447420634920635
"marketplace_share,log_market_access",10,0.600451333612399,0.8447420634920635
"marketplace_share,log_market_access",11,0.5909976910917273,0.8402777777777778
"marketplace_share,log_market_access",12,0.6027774840948229,0.8462301587301587
"marketplace_share,log_market_access",13,0.6082925866950254,0.847718253968254
"marketplace_share,log_market_access",14,0.6045135319978199,0.8462301587301587
"marketplace_share,log_market_access",15,0.6087903165998575,0.8482142857142857
"marketplace_share,log_market_access",16,0.5836510514807515,0.8313492063492064
"marketplace_share,log_market_access",17,0.6016328468646706,0.8422619047619048
"marketplace_share,log_market_access",18,0.6137113145627157,0.8482142857142857
"marketplace_share,log_market_access",19,0.6114318183731121,0.8427579365079365
"marketplace_share,log_market_access",20,0.610365784094344,0.8447420634920635
"marketplace_share,log_market_access",21,0.598693652162112,0.8422619047619048
"marketplace_share,log_market_access",22,0.587984216743051,0.8373015873015873
"marketplace_share,log_market_access",23,0.5703258750542747,0.8308531746031746
"marketplace_share,log_market_access",24,0.5832533443878049,0.8368055555555556
