model,date,silhouette,ch,s_dbw,avi,avu,anui,mq,modularity,temporal_ari
attributes,2023-01,0.2844691253964588,708.1041076444799,1.08234958803527,0.8440521821969167,0.6666666666666669,0.540123757871622,2.53215654659075,0.4801550623345197,
attributes,2023-02,0.2903254246103433,747.2919843199307,1.0849321382099093,0.8445588353939387,0.6666666666666666,0.5403311846844956,2.5336765061818163,0.4826970046171625,0.9022348008966266
attributes,2023-03,0.292008529033357,821.7925585126195,1.0700410796560094,0.8423654990922632,0.6666666666666666,0.5394325732376342,2.5270964972767898,0.4835514871675198,0.9061302961655481
attributes,2023-04,0.2943618519741924,943.1971070060853,1.001674990713364,0.8455056168205338,0.6666666666666666,0.5407185624010559,2.536516850461601,0.47879994430544964,0.8376385748543725
attributes,2023-05,0.2948660537183833,957.1234984184642,1.0103992561561834,0.8468997311870711,0.6666666666666669,0.5412883984344992,2.5406991935612133,0.4763224223320938,0.8981085042065637
attributes,2023-06,0.3050601979653804,1024.8632528813487,1.0696097613893025,0.8636992370376001,0.6666666666666666,0.5481022438286599,2.5910977111128,0.4824834778727688,0.9217601523255828
attributes,2023-07,0.3076038196424669,1012.1196079919138,1.1807564862646587,0.860931931017748,0.6666666666666666,0.546986501203331,2.582795793053244,0.48006297002863535,0.9396495146744182
attributes,2023-08,0.3055627052703241,981.3699422328501,1.0624520739870127,0.8662446000162173,0.6666666666666669,0.5491261976954624,2.598733800048652,0.47743008989395186,0.9412750901007816
attributes,2023-09,0.30140171277957284,948.2343608414002,1.2324970707297283,0.8683070305356339,0.6666666666666666,0.549954262268468,2.6049210916069017,0.47233347912248574,0.9200770013920112
attributes,2023-10,0.300629287159335,927.7034551732347,1.2668542197242665,0.8720632049407167,0.6666666666666669,0.5514586646285283,2.61618961482215,0.47105897952720227,0.9269779394589126
attributes,2023-11,0.3021726704531355,903.4837069120185,1.2201059347129632,0.8613668327990199,0.6666666666666665,0.5471620212718126,2.58410049839706,0.46631864019161473,0.924514635113547
attributes,2023-12,0.3071782548582557,949.119553950703,1.4508858567402636,0.8642525304493178,0.6666666666666666,0.5483250113842977,2.5927575913479535,0.47717716290205225,0.906567075455066
attributes,2024-01,0.3062632684561606,906.3573749255988,1.0836278944311033,0.861560588900479,0.6666666666666666,0.5472401976154339,2.5846817667014372,0.4605828830158989,0.8687834830961371
attributes,2024-02,0.3095493099607596,944.0848089011517,1.036056908395194,0.8646780189284499,0.6666666666666666,0.5484962510796358,2.5940340567853495,0.47301843071735605,0.9321493918050305
attributes,2024-03,0.31553490343412244,1006.7653120229212,1.3478752233329638,0.86301237481231,0.6666666666666665,0.5478255535252059,2.58903712443693,0.47811261163970087,0.926272961251374
attributes,2024-04,0.3168394919584603,1086.1700738087168,1.0225869378107602,0.8646859694114878,0.6666666666666666,0.5484994501997364,2.5940579082344635,0.4815673106720636,0.9248982547024709
attributes,2024-05,0.31473145927729224,1090.504846833453,1.0490398711814346,0.8725958148307211,0.6666666666666666,0.5516715970180821,2.6177874444921634,0.48389099039854033,0.9311681432859836
attributes,2024-06,0.31639886210356016,1181.7495722705492,1.287203293333738,0.8692810128777824,0.6666666666666669,0.5503448144097103,2.607843038633347,0.48398763459356375,0.927182278599385
attributes,2024-07,0.3235027102644262,1158.237829165048,0.9831317151484056,0.8736464603187178,0.6666666666666666,0.5520913549619834,2.6209393809561536,0.48230100979697904,0.9331336179140168
attributes,2024-08,0.33441299042300904,1187.07523769893,0.9859999277928498,0.8751016833532104,0.6666666666666666,0.5526721378836251,2.625305050059631,0.47979620198971656,0.9401067951504927
attributes,2024-09,0.3177147604271184,1044.5334487259934,1.0821784640647487,0.8757444580664303,0.6666666666666669,0.5529284442354423,2.6272333741992915,0.47745760097601003,0.9310320337782744
attributes,2024-10,0.3219336453569443,1056.972192257716,1.185499625796275,0.875107250068545,0.6666666666666666,0.5526743582063228,2.6253217502056354,0.47812682230148834,0.9392771139993479
attributes,2024-11,0.31835310450686033,1037.5610480451933,1.0709503087912342,0.8666825358358007,0.6666666666666666,0.5493021493457693,2.600047607507402,0.47460679335763667,0.9323925112798743
attributes,2024-12,0.3366474424085686,1080.919665043782,1.0565538950912308,0.8743479671532399,0.6666666666666665,0.5523714168577948,2.6230439014597198,0.4880539396153796,0.9323322454805184
transport_static,2023-01,0.29448386270600974,696.2469932571419,1.0823889761694017,0.8768823111370886,0.6666666666666666,0.5533818231313222,2.6306469334112657,0.49443973641364936,
transport_static,2023-02,0.3018575130690021,737.8834564695964,1.0198240497474678,0.881323523817771,0.6666666666666666,0.5551472836446983,2.643970571453313,0.500205079647211,0.9133826930793202
transport_static,2023-03,0.30118561531954524,810.4704650175946,1.1744137684307918,0.8711144828126706,0.6666666666666665,0.5510791375492767,2.6133434484380116,0.49695936296559007,0.9175885666734425
transport_static,2023-04,0.3065589633492986,936.1102539751466,0.9576543349692471,0.891798048799497,0.6666666666666666,0.559285126045934,2.675394146398491,0.4982462789287001,0.871691757609759
transport_static,2023-05,0.3047630164504237,943.8266756990898,1.128682613799805,0.8817973421807187,0.6666666666666666,0.555335246138132,2.645392026542156,0.49265788046751796,0.9086496682240642
transport_static,2023-06,0.31273114833592885,1012.3416615151403,0.985984068754368,0.902985811210247,0.6666666666666666,0.5636648832866794,2.708957433630741,0.49879871391117314,0.913399920147735
transport_static,2023-07,0.31310450900497044,995.7829615976583,1.1076964261259659,0.8927789716740736,0.6666666666666666,0.5596707733410831,2.678336915022221,0.4960193495728837,0.9405259470623049
transport_static,2023-08,0.309734459031264,967.11578462621,1.0710963920206733,0.8892887725978752,0.6666666666666666,0.558297169515607,2.6678663177936257,0.48817144619654385,0.9163857160475506
transport_static,2023-09,0.30416502569340853,938.4210259240591,1.196132642887075,0.8976355785475537,0.6666666666666669,0.5615754870625455,2.6929067356426613,0.4851398350171693,0.9140301695173162
transport_static,2023-10,0.3018570948049376,911.0455309640238,1.274384814982696,0.8921783982818505,0.6666666666666666,0.5594346970041901,2.676535194845551,0.48177327121343566,0.9249030940266342
transport_static,2023-11,0.3032387679511567,886.3077822652682,1.2923714809216489,0.8794516780942558,0.6666666666666666,0.5544039953767568,2.6383550342827675,0.4768327898857549,0.9191843754207313
transport_static,2023-12,0.3092616449369614,927.2751742746144,1.4658104421936875,0.8823329166655954,0.6666666666666666,0.5555476171024887,2.6469987499967864,0.4877782132884233,0.9088091259262971
transport_static,2024-01,0.3108381886048791,888.5837646750742,1.1200984594659096,0.8821333497641187,0.6666666666666666,0.5554684941450497,2.6464000492923563,0.4733534269352623,0.8680475495945638
transport_static,2024-02,0.31532948367041713,924.0470201981196,1.0662979224587554,0.8898645488891,0.6666666666666666,0.5585240485508329,2.6695936466673,0.4877890714540534,0.9427129453030028
transport_static,2024-03,0.3171286258177985,985.3903752346514,1.1872498187424647,0.8922659609240023,0.6666666666666666,0.5594691239384825,2.676797882772007,0.49397534690695033,0.9411236398329516
transport_static,2024-04,0.323867628609966,1070.3641261657003,0.9459036047711857,0.8883518822976839,0.6666666666666665,0.5579277632090731,2.6650556468930517,0.49250124758032016,0.9071188294281645
transport_static,2024-05,0.32323333124428816,1076.5315444464525,1.1418726955573537,0.8921429329026088,0.6666666666666666,0.5594207523921381,2.6764287987078266,0.49289622618190054,0.9223315929973568
transport_static,2024-06,0.32345801690414894,1170.274084996436,1.2901909517539591,0.8931589767227774,0.6666666666666666,0.5598200863859121,2.6794769301683323,0.49481567893826867,0.9266987352219641
transport_static,2024-07,0.3287896383555787,1140.743953564338,0.9109964833694638,0.9029449522632899,0.6666666666666665,0.5636489621284224,2.7088348567898697,0.4949243558424562,0.9484874562566459
transport_static,2024-08,0.3378216040470406,1162.5840658964507,0.9836336172147924,0.8953971159998728,0.6666666666666666,0.5606985434810386,2.6861913479996185,0.4900575696639036,0.9459773502295986
transport_static,2024-09,0.32374293054511033,1022.3041141311862,1.124660816426446,0.9016890019261193,0.6666666666666666,0.5631593023928023,2.705067005778358,0.48941334790152763,0.942017196997174
transport_static,2024-10,0.3251267274472655,1033.2934828663597,1.2194033376059559,0.9042602301725746,0.6666666666666665,0.5641612036154265,2.712780690517724,0.49109666482277137,0.9459336132150403
transport_static,2024-11,0.322571410718506,1013.4053791774506,1.0965286526969886,0.8951521154637369,0.6666666666666665,0.5606024621678918,2.6854563463912107,0.48672153395402706,0.9561195100517959
transport_static,2024-12,0.33881324747854114,1048.4920843503585,1.0927919644557922,0.8908939475954588,0.6666666666666669,0.5589294007528678,2.6726818427863765,0.49544790123293136,0.9363868513635906
transport_dynamic,2023-01,0.2954106226939751,705.6021751631012,1.0890565924456421,0.8702940004365208,0.6666666666666669,0.5507506665478489,2.6108820013095624,0.4891378536458641,
transport_dynamic,2023-02,0.29942461446100227,743.6461757802988,1.0376204779331935,0.8688602807894125,0.6666666666666665,0.5501761466276951,2.6065808423682375,0.4927391914065125,0.8992984239319897
transport_dynamic,2023-03,0.3015319267002835,817.528305770032,1.1137005862419227,0.8629993553134542,0.6666666666666666,0.547820307296895,2.5889980659403626,0.4929317726864958,0.9163625334602651
transport_dynamic,2023-04,0.3077282963523435,945.7392246907771,0.9510237484208746,0.8759410822495562,0.6666666666666666,0.5530068204091637,2.627823246748669,0.4890721400888863,0.875946680534
transport_dynamic,2023-05,0.30447227052200454,956.6946632982861,1.0669052312354743,0.864178395533382,0.6666666666666666,0.5482951691585957,2.5925351866001463,0.48345810340834355,0.9154511584550399
transport_dynamic,2023-06,0.3129611892366103,1025.1374438215355,1.0171655331706668,0.889794123939874,0.6666666666666666,0.5584963041541863,2.669382371819622,0.4912300116884407,0.9160902078499551
transport_dynamic,2023-07,0.31495817797041137,1010.1592754950908,1.1764772712945413,0.8836261898908955,0.6666666666666669,0.5560600443381651,2.6508785696726864,0.488923001184659,0.936149045181717
transport_dynamic,2023-08,0.3124637086861043,979.5960329054103,1.098682940273608,0.8857053075176862,0.6666666666666666,0.5568826782964602,2.6571159225530585,0.4847442893517403,0.942266970536922
transport_dynamic,2023-09,0.3062443730262217,946.5691980079039,1.244426389135029,0.8890862421649408,0.6666666666666666,0.5582173383740654,2.6672587264948224,0.4801192750328335,0.9290191325878665
transport_dynamic,2023-10,0.3053836656096633,921.824107889316,1.344560008362746,0.88146660923559,0.6666666666666666,0.5552040531350504,2.6443998277067697,0.4757209299424297,0.9252717000651465
transport_dynamic,2023-11,0.3079577870939676,900.705300304521,1.2519408293059726,0.8780162264457404,0.6666666666666666,0.5538332013979054,2.6340486793372206,0.4740906526661809,0.9397375196212315
transport_dynamic,2023-12,0.31408221402415415,946.6842087606128,1.443794829786136,0.8890312875925135,0.6666666666666669,0.5581956746713932,2.6670938627775405,0.488157541618671,0.9217414414419498
transport_dynamic,2024-01,0.31515253719362873,901.0503054617977,1.0987973703494456,0.8792807889916294,0.6666666666666669,0.554336079032698,2.6378423669748883,0.4673696309112893,0.8904527035451605
transport_dynamic,2024-02,0.317998619729905,938.7222895731004,1.0748279047527853,0.8852192133745932,0.6666666666666665,0.5566904763370936,2.6556576401237795,0.4838435656496785,0.938269472666415
transport_dynamic,2024-03,0.32041674756669003,1001.7165940267195,1.24184845275799,0.8879818349099798,0.6666666666666666,0.5577817774376752,2.6639455047299396,0.4896576533800897,0.9429588350235599
transport_dynamic,2024-04,0.32712920482214924,1080.4829994140098,1.0258857200238884,0.8796478895456922,0.6666666666666666,0.5544819635355565,2.6389436686370766,0.4858232286672089,0.9178338997962823
transport_dynamic,2024-05,0.3236203276275138,1084.6121112596259,1.1266597852424889,0.8880388893414938,0.6666666666666666,0.5578042886812276,2.6641166680244814,0.4895692582026419,0.9208303358559445
transport_dynamic,2024-06,0.3235549426207742,1177.5946071091332,1.2927052197842723,0.8840524855574122,0.6666666666666666,0.5562288315251036,2.652157456672237,0.48955988088930447,0.9225152244565539
transport_dynamic,2024-07,0.33155376148582305,1148.6414679900922,0.9785482434513026,0.901061034641053,0.6666666666666666,0.5629142835028498,2.703183103923159,0.4919445918398664,0.9265166138028379
transport_dynamic,2024-08,0.34168954971871546,1180.9036539048404,0.9920133399710962,0.8961520403333584,0.6666666666666666,0.5609944769251893,2.6884561210000752,0.48713894132402824,0.9546931173084905
transport_dynamic,2024-09,0.3249063605669039,1034.6375724141096,1.1234764358315168,0.8997104501751519,0.6666666666666666,0.5623868809523351,2.6991313505254557,0.48530665166285336,0.940006461545603
transport_dynamic,2024-10,0.32759280520457007,1047.9919006689515,1.1852620924814303,0.899603149927222,0.6666666666666666,0.5623449548029471,2.698809449781666,0.48579235506918506,0.9437631532211971
transport_dynamic,2024-11,0.32516957136971525,1027.8830345785443,1.0635947008389632,0.8955654403685996,0.6666666666666666,0.5607645434833964,2.686696321105799,0.4843196619693335,0.9491300792499545
transport_dynamic,2024-12,0.3420934043174164,1071.9960331447592,1.0531596781687804,0.8956426268728618,0.6666666666666666,0.5607948052180786,2.6869278806185855,0.4961957631016259,0.9444592878832256
economic_knn,2023-01,0.2789228954247718,701.6528832840551,1.072977119883217,0.8377999223474101,0.6666666666666669,0.5375566452492859,2.5133997670422303,0.4813719441701307,
economic_knn,2023-02,0.28371954560838564,737.0811429454849,1.0653021440892394,0.8360685428975666,0.6666666666666666,0.5368433294302275,2.5082056286927004,0.48395294776097686,0.8865703851663821
economic_knn,2023-03,0.2880207063173404,815.4741042732549,1.0511181464933033,0.8401118048385666,0.6666666666666665,0.5385074784257085,2.5203354145157,0.4848312159136436,0.878291839227621
economic_knn,2023-04,0.2902674803586903,940.9438325780455,0.9976161702439812,0.8460589260749943,0.6666666666666666,0.5409448053530791,2.538176778224983,0.47959352120139653,0.8342117817372663
economic_knn,2023-05,0.291633946894321,954.6756156649068,1.0009324205046415,0.8447520126727452,0.6666666666666666,0.5404102489988862,2.5342560380182357,0.4760562408235678,0.8860482466470292
economic_knn,2023-06,0.30174154382226326,1024.3932232811103,1.0428455650533826,0.8595137109592086,0.6666666666666669,0.5464136785688303,2.5785411328776258,0.48255289532102574,0.8923323019789857
economic_knn,2023-07,0.3061792218080447,1013.731906716493,1.1166272566276194,0.8632768787878319,0.6666666666666666,0.5479321233176595,2.5898306363634958,0.4832517637365541,0.9380220106830944
economic_knn,2023-08,0.30172800435468594,980.103759228098,1.0242928178516175,0.8619340682326055,0.6666666666666665,0.5473908521571748,2.585802204697817,0.4763470993710049,0.924004452962999
economic_knn,2023-09,0.29726728626804205,944.9856427687415,1.2088365392534812,0.8627026108140079,0.6666666666666665,0.5477007179397746,2.588107832442024,0.47180542470050907,0.9019021754423063
economic_knn,2023-10,0.29873169190355076,927.0472007848809,1.2082175088050409,0.8740376186057585,0.6666666666666669,0.5522475371214227,2.622112855817275,0.47297574742967907,0.9250738595877455
economic_knn,2023-11,0.2998909204823726,901.7788580166707,1.2041428578396447,0.8604563059240595,0.6666666666666666,0.5467944717497403,2.5813689177721786,0.4674747957234653,0.9111979019051786
economic_knn,2023-12,0.30459596776949843,946.9847179438823,1.4018679108180525,0.8641818675629827,0.6666666666666666,0.5482965668291341,2.592545602688948,0.4793927803395679,0.8949084433065149
economic_knn,2024-01,0.3028442406764221,906.0264441486847,1.0577019632341496,0.8592574392204474,0.6666666666666669,0.5463100963057886,2.577772317661342,0.46087518559834406,0.8620958621347427
economic_knn,2024-02,0.3058706958298429,941.9544582861025,1.0421498157055626,0.8632908043827272,0.6666666666666665,0.5479377333388803,2.5898724131481816,0.4758924429666481,0.9109657625383775
economic_knn,2024-03,0.31079987046381213,1005.3455603157199,1.2816474582703987,0.8567056120528056,0.6666666666666669,0.5452774464095494,2.570116836158417,0.4775346912682217,0.9119429085694767
economic_knn,2024-04,0.31580049680515215,1084.8170197604366,1.019765390100026,0.8567661392945841,0.6666666666666666,0.5453019659076318,2.5702984178837522,0.4787199442551394,0.9130740508780081
economic_knn,2024-05,0.31344793975183105,1087.4535257663322,1.0680443051599284,0.8645945475865076,0.6666666666666669,0.5484626625327677,2.5937836427595227,0.48130831213793923,0.9069437302515835
economic_knn,2024-06,0.31186091261023674,1182.0753005881372,1.1956042998273695,0.869472830553352,0.6666666666666666,0.550421692543928,2.608418491660056,0.48583363028604093,0.9120532682971374
economic_knn,2024-07,0.32047633176377194,1157.491214695381,0.9590958855841251,0.8675884679713253,0.6666666666666666,0.549665923602036,2.602765403913976,0.48091480201806036,0.9241421590266534
economic_knn,2024-08,0.33254022454270754,1185.9936247641149,0.9743707420433321,0.8675746308441945,0.666666666666667,0.5496603694398733,2.6027238925325835,0.4774494090326427,0.9188700534132619
economic_knn,2024-09,0.3154567731804319,1042.1321470984649,1.0629041244074506,0.8709142579283361,0.6666666666666666,0.5509990007120666,2.6127427737850084,0.47712607577207056,0.9123855613380965
economic_knn,2024-10,0.31929574965475416,1056.1228922872294,1.1522911935065436,0.870760228568559,0.6666666666666666,0.5509373436897382,2.612280685705677,0.47918252011905843,0.9277352350077875
economic_knn,2024-11,0.3143731495931886,1036.4270650616456,1.0386052133832782,0.8636760046176009,0.6666666666666666,0.5480928876866065,2.591028013852803,0.4746762955213234,0.9208838422710953
economic_knn,2024-12,0.3358926439483089,1079.3675470950247,1.0429972136151353,0.8729082545721094,0.6666666666666666,0.5517964629838892,2.6187247637163282,0.4882051303709334,0.9236328089630633
