distance,neighbors,bandwidth,silhouette,ch,s_dbw,avi,avu,anui,mq,modularity,reference_ari,temporal_ari,mean_degree
euclidean,4,0.5,0.30662433004848505,985.3292861181445,1.1020190404198045,0.8597959609740524,0.6666666666666666,0.5465082761761948,2.5793878829221573,0.4782372902237766,0.896924080873299,0.907511432412209,5.623015873015873
euclidean,4,1.0,0.3071508327062769,985.5043599891287,1.1018902368114782,0.8599601867697791,0.6666666666666666,0.5465731623082393,2.5798805603093373,0.4780930520477758,0.8986476515974511,0.9057214687846395,5.623015873015873
euclidean,4,2.0,0.30637307279257775,985.4709463534542,1.1033529728507523,0.8599455477882669,0.6666666666666666,0.5465681333321714,2.5798366433648003,0.4781464187603653,0.895203873578495,0.9062270219736515,5.623015873015873
euclidean,8,0.5,0.3064529011319561,985.5605473246933,1.0993376967451198,0.8602869059951531,0.6666666666666666,0.5467055902749076,2.5808607179854595,0.47842493341347875,0.8967249129349155,0.9074999838189314,11.047660383597881
euclidean,8,1.0,0.30588992665968445,985.5858203063708,1.095414752595855,0.8597668119712619,0.6666666666666666,0.54649591834557,2.5793004359137854,0.478221867326581,0.8935912972309071,0.9050995061449743,11.047660383597881
euclidean,8,2.0,0.3060046184187489,985.5099154142396,1.096738899812263,0.8599008949479376,0.6666666666666666,0.5465494389011938,2.5797026848438134,0.47824863763440933,0.8935294019163528,0.9045659872594267,11.047660383597881
euclidean,16,0.5,0.3061131815606319,985.5864409992638,1.0932641026420324,0.8591611028941202,0.6666666666666666,0.5462476960726383,2.5774833086823605,0.47800908211605037,0.8955944645225106,0.9087874829906085,21.90000826719577
euclidean,16,1.0,0.3042372552946808,985.4734809305108,1.0848190851578863,0.8585544729021057,0.6666666666666666,0.5459991136311261,2.5756634187063177,0.4781169442356563,0.886205314292314,0.9066802263946726,21.90000826719577
euclidean,16,2.0,0.30400608050170674,985.3467858846319,1.0878218784654872,0.8585014642661712,0.6666666666666666,0.5459773770356936,2.5755043927985137,0.4781305857210751,0.8841595422078076,0.9054069040410179,21.90000826719577
euclidean,32,0.5,0.3054513025705011,985.4766577342971,1.0970431389774633,0.8583980665891864,0.6666666666666666,0.5459375016668647,2.575194199767559,0.47803603926159327,0.8914184191384437,0.9092312668418201,43.65376984126984
euclidean,32,1.0,0.30347697271609647,985.3157643944645,1.0874667041051558,0.8581262696744948,0.6666666666666666,0.5458261508171381,2.5743788090234845,0.47802133408171715,0.8833958432885739,0.9058075374664318,43.65376984126984
euclidean,32,2.0,0.3028295139231964,985.1936141074153,1.089982155270427,0.8575031779502812,0.6666666666666666,0.5455740180312404,2.5725095338508432,0.4778586765470285,0.8800458816291039,0.9037406249479131,43.65376984126984
cosine,4,0.5,0.30559661211629924,983.263437991709,1.1377776122208507,0.8584269894594957,0.6666666666666666,0.5459498972054617,2.575280968378487,0.4757204913710839,0.8789216542049845,0.8993304378949416,5.503844246031747
cosine,4,1.0,0.30586537242508266,983.2972296566777,1.1353381232463844,0.8585637484629526,0.6666666666666666,0.5460050282815877,2.5756912453888576,0.47580696841202874,0.8796523420467803,0.8993883768476004,5.503844246031747
cosine,4,2.0,0.30586537242508266,983.2972296566777,1.1353381232463844,0.8585637484629526,0.6666666666666666,0.5460050282815877,2.5756912453888576,0.47580696841202874,0.8796523420467803,0.8993883768476004,5.503844246031747
cosine,8,0.5,0.30638596688155023,983.1364950661151,1.1489540818541941,0.8593081396931832,0.6666666666666666,0.5463085304570097,2.5779244190795496,0.4755417309694015,0.8817574181455701,0.9005061138747104,10.758184523809524
cosine,8,1.0,0.30636775666776717,983.0773227218448,1.14844436627281,0.8593216838746996,0.6666666666666666,0.54631394006794,2.577965051624099,0.47554365113482966,0.8815946679288987,0.9002708677810533,10.758184523809524
cosine,8,2.0,0.30634682674304875,983.0584695951003,1.148110761409069,0.8592988651346646,0.6666666666666666,0.5463047245059239,2.5778965954039936,0.47555276694314047,0.8814725127880205,0.9003444421245775,10.758184523809524
cosine,16,0.5,0.3052946530905159,981.841590915356,1.1582792737336012,0.8586607373669776,0.6666666666666666,0.5460438342981088,2.5759822121009326,0.47463467188739433,0.8740139065201064,0.9010655865883198,21.22375165343915
cosine,16,1.0,0.3052696034240215,981.8415618934541,1.1582622320963,0.8586923028662112,0.6666666666666666,0.5460566144945318,2.5760769085986337,0.47464921877476324,0.8738295883460322,0.9010604103765583,21.22375165343915
cosine,16,2.0,0.3052696034240215,981.8415618934541,1.1582622320963,0.8586923028662112,0.6666666666666666,0.5460566144945318,2.5760769085986337,0.47464921877476324,0.8738295883460322,0.9010604103765583,21.22375165343915
cosine,32,0.5,0.3056199145154908,980.4670325236416,1.1661021875653506,0.8572594840750178,0.6666666666666666,0.5454743180997413,2.571778452225054,0.47280643489904645,0.8704038784572742,0.89946613156163,42.091807208994716
cosine,32,1.0,0.3054974404484693,980.4882933239264,1.1641060629711288,0.8572814862382866,0.6666666666666666,0.5454829872747958,2.5718444587148603,0.4728772316304995,0.869964756971361,0.8993530306758516,42.091807208994716
cosine,32,2.0,0.3054858001161516,980.4901327871227,1.1640946713498297,0.857260216497235,0.6666666666666666,0.5454743650596039,2.5717806494917057,0.4728686507723001,0.8699022358217707,0.8993517704009217,42.091807208994716
