trial,date,ari,agreement
1,2023-01,0.9528804869062875,0.9838709677419355
1,2023-02,0.9486559022345412,0.9832506203473945
1,2023-03,0.9277976964358658,0.9764267990074442
1,2023-04,0.9321341674986847,0.9776674937965261
1,2023-05,0.946313418700954,0.9820099255583127
1,2023-06,0.9476925961853105,0.9832506203473945
1,2023-07,0.9532291127422571,0.9838709677419355
1,2023-08,0.9603490165355335,0.9869727047146402
1,2023-09,0.9588784658556092,0.9857320099255583
1,2023-10,0.9557923139859338,0.9851116625310173
1,2023-11,0.9431697970416132,0.9813895781637717
1,2023-12,0.9578646185512228,0.9863523573200993
1,2024-01,0.9530624181135581,0.9826302729528535
1,2024-02,0.965856312264516,0.9875930521091811
1,2024-03,0.9667551804911996,0.9882133995037221
1,2024-04,0.9350696985174446,0.9776674937965261
1,2024-05,0.9699284279536384,0.989454094292804
1,2024-06,0.9582411584944187,0.9857320099255583
1,2024-07,0.9525393948793067,0.9838709677419355
1,2024-08,0.9771976760314721,0.9925558312655087
1,2024-09,0.9574048090514753,0.9863523573200993
1,2024-10,0.96690435948865,0.9882133995037221
1,2024-11,0.9540327465104992,0.9838709677419355
1,2024-12,0.9620427817338908,0.9875930521091811
2,2023-01,0.9428519089917576,0.9820099255583127
2,2023-02,0.9474690531011234,0.9838709677419355
2,2023-03,0.9396853236203989,0.9813895781637717
2,2023-04,0.9476112077702138,0.9826302729528535
2,2023-05,0.9494854934773451,0.9838709677419355
2,2023-06,0.9541163529124999,0.9844913151364765
2,2023-07,0.95399761513115,0.9838709677419355
2,2023-08,0.9738159823889446,0.9906947890818859
2,2023-09,0.964924552370842,0.9882133995037221
2,2023-10,0.9590950432682337,0.9869727047146402
2,2023-11,0.9667310977801894,0.988833746898263
2,2023-12,0.9655864215889912,0.988833746898263
2,2024-01,0.9584957375381722,0.9869727047146402
2,2024-02,0.9670388053067639,0.989454094292804
2,2024-03,0.967898384240395,0.989454094292804
2,2024-04,0.9516033948825047,0.9838709677419355
2,2024-05,0.9750242069186794,0.9919354838709677
2,2024-06,0.9673059507497741,0.989454094292804
2,2024-07,0.9691325030399685,0.989454094292804
2,2024-08,0.9740886757457573,0.9913151364764268
2,2024-09,0.9533329653825761,0.9844913151364765
2,2024-10,0.9788110814375195,0.9925558312655087
2,2024-11,0.966025580728122,0.988833746898263
2,2024-12,0.9788753063966252,0.9931761786600496
3,2023-01,0.9587438882463692,0.9869727047146402
3,2023-02,0.9545137038411324,0.9857320099255583
3,2023-03,0.9686162377913164,0.9900744416873449
3,2023-04,0.9673455472964375,0.9882133995037221
3,2023-05,0.9652358198511463,0.9882133995037221
3,2023-06,0.9731247072852725,0.9906947890818859
3,2023-07,0.9740799067414374,0.9900744416873449
3,2023-08,0.9741365764331367,0.9913151364764268
3,2023-09,0.9601195825587572,0.9863523573200993
3,2023-10,0.970013582177179,0.9900744416873449
3,2023-11,0.9658071062527478,0.9875930521091811
3,2023-12,0.9727400452456415,0.9900744416873449
3,2024-01,0.9477148149941723,0.9820099255583127
3,2024-02,0.9708670809874731,0.9882133995037221
3,2024-03,0.9640414736815817,0.9875930521091811
3,2024-04,0.973204386299151,0.9906947890818859
3,2024-05,0.9673080815623115,0.988833746898263
3,2024-06,0.9681603474575577,0.989454094292804
3,2024-07,0.9759042317551925,0.9913151364764268
3,2024-08,0.9890631039185617,0.9962779156327544
3,2024-09,0.9712031714830617,0.9900744416873449
3,2024-10,0.975979743865653,0.9919354838709677
3,2024-11,0.978889495032737,0.9919354838709677
3,2024-12,0.9770617637181656,0.9925558312655087
4,2023-01,0.9595296980220838,0.9863523573200993
4,2023-02,0.9505034851519085,0.9844913151364765
4,2023-03,0.9515178402735521,0.9844913151364765
4,2023-04,0.9550530339174031,0.9844913151364765
4,2023-05,0.9686571208138637,0.988833746898263
4,2023-06,0.9678254609601308,0.988833746898263
4,2023-07,0.9665224313032754,0.9863523573200993
4,2023-08,0.9825984674483738,0.9931761786600496
4,2023-09,0.9756468564841224,0.9913151364764268
4,2023-10,0.952593972926242,0.9838709677419355
4,2023-11,0.9714599715353527,0.989454094292804
4,2023-12,0.9682458700209552,0.988833746898263
4,2024-01,0.9606930997503791,0.9851116625310173
4,2024-02,0.9606548336378922,0.9863523573200993
4,2024-03,0.9614595647436053,0.9863523573200993
4,2024-04,0.9569206016948115,0.9838709677419355
4,2024-05,0.9615507539017175,0.9863523573200993
4,2024-06,0.961849944000534,0.9869727047146402
4,2024-07,0.9650061948639338,0.9875930521091811
4,2024-08,0.9838884621684506,0.9944168734491315
4,2024-09,0.9638713584971529,0.9875930521091811
4,2024-10,0.9757718293443358,0.9913151364764268
4,2024-11,0.9675098305805447,0.9875930521091811
4,2024-12,0.978788263838083,0.9925558312655087
5,2023-01,0.9598014809236028,0.9875930521091811
5,2023-02,0.9525188131047976,0.9851116625310173
5,2023-03,0.947713555047659,0.9832506203473945
5,2023-04,0.9564778685988584,0.9844913151364765
5,2023-05,0.9544100948317031,0.9851116625310173
5,2023-06,0.9710184755407331,0.9900744416873449
5,2023-07,0.9616163665053349,0.9875930521091811
5,2023-08,0.9623057665542771,0.9875930521091811
5,2023-09,0.9619134277395863,0.9869727047146402
5,2023-10,0.9581864875373819,0.9863523573200993
5,2023-11,0.964891814701346,0.9882133995037221
5,2023-12,0.9718025973611979,0.9906947890818859
5,2024-01,0.9631063604216523,0.9869727047146402
5,2024-02,0.9770281254572499,0.9925558312655087
5,2024-03,0.9719716983696371,0.9906947890818859
5,2024-04,0.9586756029279154,0.9863523573200993
5,2024-05,0.9768925710086256,0.9919354838709677
5,2024-06,0.9651038946518278,0.9882133995037221
5,2024-07,0.9699288134782414,0.989454094292804
5,2024-08,0.9842042363978663,0.9950372208436724
5,2024-09,0.9732520867852325,0.9913151364764268
5,2024-10,0.9790605684605622,0.9931761786600496
5,2024-11,0.981044214087163,0.9937965260545906
5,2024-12,0.9798901320280154,0.9931761786600496
6,2023-01,0.9667952971169761,0.988833746898263
6,2023-02,0.9686243479274022,0.9900744416873449
6,2023-03,0.9767372707677924,0.9925558312655087
6,2023-04,0.9719634933596307,0.9900744416873449
6,2023-05,0.9798182015900522,0.9925558312655087
6,2023-06,0.9648712552972956,0.9875930521091811
6,2023-07,0.9688636995795106,0.988833746898263
6,2023-08,0.9708068717793928,0.989454094292804
6,2023-09,0.9728445656752458,0.9906947890818859
6,2023-10,0.9663366691967902,0.9875930521091811
6,2023-11,0.9726310467220215,0.9900744416873449
6,2023-12,0.9727031169023211,0.9906947890818859
6,2024-01,0.9618252045045885,0.9863523573200993
6,2024-02,0.9788374870421858,0.9925558312655087
6,2024-03,0.9798884632710306,0.9931761786600496
6,2024-04,0.9688519950814193,0.9882133995037221
6,2024-05,0.9775522224723403,0.9913151364764268
6,2024-06,0.9827853721248276,0.9937965260545906
6,2024-07,0.9728873800348529,0.9906947890818859
6,2024-08,0.9839136218575758,0.9944168734491315
6,2024-09,0.9730409292464873,0.9913151364764268
6,2024-10,0.9828225025085621,0.9937965260545906
6,2024-11,0.9828466120335536,0.9937965260545906
6,2024-12,0.9788222648305904,0.9913151364764268
7,2023-01,0.9708744659976565,0.9900744416873449
7,2023-02,0.9656626221620614,0.988833746898263
7,2023-03,0.9718989148463356,0.989454094292804
7,2023-04,0.9781899526486597,0.9913151364764268
7,2023-05,0.9660005814858228,0.9875930521091811
7,2023-06,0.9859187181595098,0.9950372208436724
7,2023-07,0.9807630406366266,0.9919354838709677
7,2023-08,0.9796966198497342,0.9919354838709677
7,2023-09,0.972849003880189,0.9900744416873449
7,2023-10,0.9858518319090506,0.9950372208436724
7,2023-11,0.9857403973068499,0.9944168734491315
7,2023-12,0.9846129108951581,0.9937965260545906
7,2024-01,0.9718989035343891,0.989454094292804
7,2024-02,0.9826700840853543,0.9919354838709677
7,2024-03,0.977710711325223,0.9906947890818859
7,2024-04,0.9858654245399295,0.9944168734491315
7,2024-05,0.9828913543693828,0.9937965260545906
7,2024-06,0.9816960433642788,0.9925558312655087
7,2024-07,0.9827930851729145,0.9931761786600496
7,2024-08,0.9877166003926147,0.9937965260545906
7,2024-09,0.9768707014392749,0.9913151364764268
7,2024-10,0.9838350863278948,0.9937965260545906
7,2024-11,0.9779209451121319,0.9919354838709677
7,2024-12,0.981904479129948,0.9931761786600496
8,2023-01,0.9518932519064349,0.9838709677419355
8,2023-02,0.9676505854213965,0.989454094292804
8,2023-03,0.9678215625112113,0.989454094292804
8,2023-04,0.9740793116689939,0.9900744416873449
8,2023-05,0.9728352377605943,0.989454094292804
8,2023-06,0.9779051839485072,0.9919354838709677
8,2023-07,0.966952823970993,0.9869727047146402
8,2023-08,0.9728531620943164,0.9900744416873449
8,2023-09,0.9747321607784387,0.9906947890818859
8,2023-10,0.9676861344219555,0.9882133995037221
8,2023-11,0.9876111893316367,0.9937965260545906
8,2023-12,0.9735366638319379,0.9900744416873449
8,2024-01,0.9639774032722636,0.9857320099255583
8,2024-02,0.9788058785453623,0.9913151364764268
8,2024-03,0.9697864563913702,0.9869727047146402
8,2024-04,0.979928262871047,0.9919354838709677
8,2024-05,0.9888545932943623,0.9956575682382134
8,2024-06,0.9720459569946447,0.9900744416873449
8,2024-07,0.9750657778123306,0.9906947890818859
8,2024-08,0.9818656963978257,0.9931761786600496
8,2024-09,0.9878180148520505,0.9950372208436724
8,2024-10,0.9778022381441577,0.9913151364764268
8,2024-11,0.9708701550790912,0.9882133995037221
8,2024-12,0.9660234181689913,0.9869727047146402
9,2023-01,0.922985898088487,0.9739454094292804
9,2023-02,0.9158145910485496,0.9727047146401985
9,2023-03,0.8983001303604219,0.96712158808933
9,2023-04,0.900144569302656,0.9658808933002482
9,2023-05,0.914782189609721,0.9702233250620348
9,2023-06,0.9391122146551295,0.978287841191067
9,2023-07,0.927659558452719,0.9739454094292804
9,2023-08,0.9502387559972838,0.9826302729528535
9,2023-09,0.9508872922186283,0.9826302729528535
9,2023-10,0.924260576493483,0.9739454094292804
9,2023-11,0.9366379032746714,0.9776674937965261
9,2023-12,0.9412071283242082,0.9789081885856079
9,2024-01,0.929128325181924,0.9739454094292804
9,2024-02,0.9323253261392593,0.9764267990074442
9,2024-03,0.9456737952435166,0.9801488833746899
9,2024-04,0.9116282327582997,0.967741935483871
9,2024-05,0.931085112085262,0.9751861042183623
9,2024-06,0.9409406822837295,0.9789081885856079
9,2024-07,0.9388935991880609,0.9789081885856079
9,2024-08,0.9502311135255609,0.9820099255583127
9,2024-09,0.9335502107808359,0.9770471464019851
9,2024-10,0.9478661721252952,0.9807692307692307
9,2024-11,0.9245494622717678,0.9733250620347395
9,2024-12,0.9530283660008242,0.9832506203473945
10,2023-01,0.9788498560747846,0.9931761786600496
10,2023-02,0.9837135240706057,0.9950372208436724
10,2023-03,0.9806680735409764,0.9937965260545906
10,2023-04,0.9710780151915327,0.988833746898263
10,2023-05,0.9818298515150378,0.9931761786600496
10,2023-06,0.9848334916835777,0.9944168734491315
10,2023-07,0.9746655446279332,0.989454094292804
10,2023-08,0.9777621157191035,0.9919354838709677
10,2023-09,0.9777189612840408,0.9919354838709677
10,2023-10,0.9804170886812132,0.9919354838709677
10,2023-11,0.9805015115275472,0.9919354838709677
10,2023-12,0.9797241801845545,0.9931761786600496
10,2024-01,0.96768957246228,0.9869727047146402
10,2024-02,0.9746921350417145,0.9900744416873449
10,2024-03,0.981773122468341,0.9931761786600496
10,2024-04,0.9807967252820919,0.9925558312655087
10,2024-05,0.9815912795834875,0.9925558312655087
10,2024-06,0.9817237705883674,0.9931761786600496
10,2024-07,0.9769283384201857,0.9919354838709677
10,2024-08,0.987912694305515,0.9956575682382134
10,2024-09,0.9917606704228075,0.9962779156327544
10,2024-10,0.9856751254079026,0.9937965260545906
10,2024-11,0.9807277516900569,0.9919354838709677
10,2024-12,0.9778813600337853,0.9919354838709677
11,2023-01,0.9737036356229845,0.9913151364764268
11,2023-02,0.9574973832949317,0.9863523573200993
11,2023-03,0.9766160642209913,0.9925558312655087
11,2023-04,0.9719943841145451,0.9900744416873449
11,2023-05,0.9718885052948809,0.9906947890818859
11,2023-06,0.9689644721098294,0.989454094292804
11,2023-07,0.9788633349047388,0.9919354838709677
11,2023-08,0.9699178863099149,0.989454094292804
11,2023-09,0.9757584384816966,0.9913151364764268
11,2023-10,0.9559519813464087,0.9857320099255583
11,2023-11,0.9717777003004837,0.9906947890818859
11,2023-12,0.9756776857237369,0.9919354838709677
11,2024-01,0.9581965849064987,0.9857320099255583
11,2024-02,0.9678859403883787,0.988833746898263
11,2024-03,0.9828436270443235,0.9937965260545906
11,2024-04,0.9779042714617794,0.9919354838709677
11,2024-05,0.980846303118495,0.9931761786600496
11,2024-06,0.9779292989488634,0.9925558312655087
11,2024-07,0.9848746180050787,0.9944168734491315
11,2024-08,0.9929488874510517,0.9975186104218362
11,2024-09,0.9728610826622486,0.9906947890818859
11,2024-10,0.9878819660126644,0.9956575682382134
11,2024-11,0.9858837953824823,0.9950372208436724
11,2024-12,0.9929781270968008,0.9975186104218362
12,2023-01,0.9707649134812412,0.9906947890818859
12,2023-02,0.9735986706304488,0.9919354838709677
12,2023-03,0.9716808905725459,0.9913151364764268
12,2023-04,0.974084341847015,0.9913151364764268
12,2023-05,0.979937900542199,0.9931761786600496
12,2023-06,0.9848960683796403,0.9944168734491315
12,2023-07,0.9749500050605351,0.9906947890818859
12,2023-08,0.9848729052430517,0.9944168734491315
12,2023-09,0.981693346150923,0.9931761786600496
12,2023-10,0.98073959174961,0.9931761786600496
12,2023-11,0.9858193965201484,0.9950372208436724
12,2023-12,0.9888761971457561,0.9962779156327544
12,2024-01,0.9719908486958642,0.9900744416873449
12,2024-02,0.9728542124927865,0.9900744416873449
12,2024-03,0.9838834605763197,0.9944168734491315
12,2024-04,0.9779223549678357,0.9919354838709677
12,2024-05,0.9829220390787172,0.9937965260545906
12,2024-06,0.9850232249041863,0.9950372208436724
12,2024-07,0.9738541662306424,0.9906947890818859
12,2024-08,0.9909535003446299,0.9968982630272953
12,2024-09,0.9809102442758404,0.9931761786600496
12,2024-10,0.9909414665791448,0.9968982630272953
12,2024-11,0.9849590845061494,0.9950372208436724
12,2024-12,0.9938856956998934,0.9975186104218362
13,2023-01,0.9596364676387966,0.9875930521091811
13,2023-02,0.9654064846878935,0.989454094292804
13,2023-03,0.9617501411350508,0.9882133995037221
13,2023-04,0.9720692204603331,0.9906947890818859
13,2023-05,0.9670551607897282,0.989454094292804
13,2023-06,0.9759324626724393,0.9919354838709677
13,2023-07,0.9740075117150032,0.9913151364764268
13,2023-08,0.980819418544963,0.9931761786600496
13,2023-09,0.9758923902208848,0.9919354838709677
13,2023-10,0.9760431840703155,0.9925558312655087
13,2023-11,0.9779847654341219,0.9931761786600496
13,2023-12,0.9749155641552739,0.9919354838709677
13,2024-01,0.9594798318779691,0.9869727047146402
13,2024-02,0.9778679866051225,0.9919354838709677
13,2024-03,0.9700287435089336,0.9900744416873449
13,2024-04,0.9830627429587127,0.9944168734491315
13,2024-05,0.9730814375004322,0.9906947890818859
13,2024-06,0.9779862964330247,0.9925558312655087
13,2024-07,0.9828580730408155,0.9937965260545906
13,2024-08,0.99100475324646,0.9968982630272953
13,2024-09,0.9632727090992728,0.9875930521091811
13,2024-10,0.9750040440594059,0.9919354838709677
13,2024-11,0.9759702950086235,0.9919354838709677
13,2024-12,0.982930760020272,0.9944168734491315
14,2023-01,0.9648080567007579,0.988833746898263
14,2023-02,0.966782007425195,0.989454094292804
14,2023-03,0.9567432590119775,0.9857320099255583
14,2023-04,0.9721681932041016,0.989454094292804
14,2023-05,0.9759769615799179,0.9919354838709677
14,2023-06,0.9810469533400265,0.9937965260545906
14,2023-07,0.9718340681757536,0.9900744416873449
14,2023-08,0.9739247539593736,0.9906947890818859
14,2023-09,0.9813226459235618,0.9919354838709677
14,2023-10,0.9677826517945729,0.988833746898263
14,2023-11,0.9805838478286719,0.9925558312655087
14,2023-12,0.973638145523939,0.9906947890818859
14,2024-01,0.9592300899270844,0.9857320099255583
14,2024-02,0.9826526537421165,0.9931761786600496
14,2024-03,0.9759346394062861,0.9919354838709677
14,2024-04,0.973322263754394,0.9913151364764268
14,2024-05,0.9839299974725187,0.9944168734491315
14,2024-06,0.9739346504329748,0.9906947890818859
14,2024-07,0.9748518799743029,0.9906947890818859
14,2024-08,0.9818221790505778,0.9931761786600496
14,2024-09,0.9836221843133811,0.9931761786600496
14,2024-10,0.9918626278079865,0.9968982630272953
14,2024-11,0.9818341022985083,0.9931761786600496
14,2024-12,0.9779412897062099,0.9925558312655087
15,2023-01,0.9786905874875125,0.9931761786600496
15,2023-02,0.9706077433086107,0.9906947890818859
15,2023-03,0.9856723509493901,0.9956575682382134
15,2023-04,0.9739527670481316,0.9913151364764268
15,2023-05,0.97590474236106,0.9919354838709677
15,2023-06,0.9740915617205034,0.9919354838709677
15,2023-07,0.9768741892655982,0.9919354838709677
15,2023-08,0.9837893787231295,0.9937965260545906
15,2023-09,0.9817463554913523,0.9931761786600496
15,2023-10,0.9707701717081307,0.9900744416873449
15,2023-11,0.9828566471768376,0.9944168734491315
15,2023-12,0.9866277333555524,0.9950372208436724
15,2024-01,0.9749473146368136,0.9913151364764268
15,2024-02,0.9818835488899269,0.9937965260545906
15,2024-03,0.9898639369156764,0.9962779156327544
15,2024-04,0.9818827857201864,0.9931761786600496
15,2024-05,0.9869244598672869,0.9956575682382134
15,2024-06,0.9759256846295669,0.9919354838709677
15,2024-07,0.981025153084947,0.9937965260545906
15,2024-08,0.9868161482558316,0.9950372208436724
15,2024-09,0.9780338868824732,0.9931761786600496
15,2024-10,0.982852802032108,0.9937965260545906
15,2024-11,0.9809489790227482,0.9937965260545906
15,2024-12,0.9829143926892001,0.9944168734491315
16,2023-01,0.9827916465516603,0.9944168734491315
16,2023-02,0.9726067512560829,0.9913151364764268
16,2023-03,0.9846643663123592,0.9950372208436724
16,2023-04,0.9820290977775583,0.9931761786600496
16,2023-05,0.9828574749401655,0.9937965260545906
16,2023-06,0.9828323838702163,0.9937965260545906
16,2023-07,0.9749186070622959,0.9913151364764268
16,2023-08,0.981902445017909,0.9937965260545906
16,2023-09,0.9785831628088157,0.9913151364764268
16,2023-10,0.9878134394654489,0.9956575682382134
16,2023-11,0.9858140412581721,0.9950372208436724
16,2023-12,0.9908195600438053,0.9968982630272953
16,2024-01,0.9613016701236471,0.9869727047146402
16,2024-02,0.9828174846678097,0.9931761786600496
16,2024-03,0.9868319537964818,0.9950372208436724
16,2024-04,0.9909349170383172,0.9968982630272953
16,2024-05,0.9839070664628135,0.9944168734491315
16,2024-06,0.9769679479449321,0.9919354838709677
16,2024-07,0.9847275620538565,0.9937965260545906
16,2024-08,0.9969447781200439,0.9987593052109182
16,2024-09,0.9828921710445632,0.9937965260545906
16,2024-10,0.9878893473328569,0.9956575682382134
16,2024-11,0.9848809873643405,0.9944168734491315
16,2024-12,0.9899270396746944,0.9962779156327544
17,2023-01,0.9408586476533969,0.9789081885856079
17,2023-02,0.9482789697130608,0.9826302729528535
17,2023-03,0.9354493506782046,0.9795285359801489
17,2023-04,0.9445552993890459,0.9801488833746899
17,2023-05,0.9599602984123387,0.9857320099255583
17,2023-06,0.9456549715592287,0.9820099255583127
17,2023-07,0.9482815718080919,0.9813895781637717
17,2023-08,0.9621595320838363,0.9869727047146402
17,2023-09,0.9569594671301621,0.9851116625310173
17,2023-10,0.9450302769244397,0.9813895781637717
17,2023-11,0.9456318278960422,0.9807692307692307
17,2023-12,0.9455136556146874,0.9813895781637717
17,2024-01,0.9519640402495632,0.9813895781637717
17,2024-02,0.9629598150102848,0.9869727047146402
17,2024-03,0.9538605284799061,0.9832506203473945
17,2024-04,0.950322439031784,0.9813895781637717
17,2024-05,0.9500684907760425,0.9820099255583127
17,2024-06,0.9561116212370145,0.9844913151364765
17,2024-07,0.9615478190587926,0.9869727047146402
17,2024-08,0.9711528664546504,0.9900744416873449
17,2024-09,0.949438159443858,0.9832506203473945
17,2024-10,0.9639326409334674,0.9869727047146402
17,2024-11,0.9548356948249689,0.9832506203473945
17,2024-12,0.9589425792902089,0.9851116625310173
18,2023-01,0.917048742556965,0.9733250620347395
18,2023-02,0.9195551844004173,0.9751861042183623
18,2023-03,0.8945198316694734,0.96712158808933
18,2023-04,0.919830635061921,0.9733250620347395
18,2023-05,0.9241511147467609,0.9751861042183623
18,2023-06,0.9368463864127722,0.9789081885856079
18,2023-07,0.9255301288177447,0.9751861042183623
18,2023-08,0.9387110088906134,0.9789081885856079
18,2023-09,0.9471458902878164,0.9813895781637717
18,2023-10,0.9431551887416588,0.9807692307692307
18,2023-11,0.9371692555838376,0.9789081885856079
18,2023-12,0.9486362322375824,0.9826302729528535
18,2024-01,0.9269154696564443,0.9739454094292804
18,2024-02,0.9278980516985676,0.9764267990074442
18,2024-03,0.941299441375759,0.9801488833746899
18,2024-04,0.9171346706454951,0.9714640198511166
18,2024-05,0.9338228330706504,0.9770471464019851
18,2024-06,0.948551798840612,0.9826302729528535
18,2024-07,0.9527681568406653,0.9838709677419355
18,2024-08,0.9488407123648107,0.9832506203473945
18,2024-09,0.9341656460257155,0.9789081885856079
18,2024-10,0.9483319836433883,0.9820099255583127
18,2024-11,0.9454570286867898,0.9820099255583127
18,2024-12,0.9551741206948384,0.9851116625310173
19,2023-01,0.9726526769188861,0.9913151364764268
19,2023-02,0.9784667990206082,0.9931761786600496
19,2023-03,0.9726918274238241,0.9906947890818859
19,2023-04,0.9799596074200344,0.9937965260545906
19,2023-05,0.976976213310378,0.9925558312655087
19,2023-06,0.9809091882663271,0.9931761786600496
19,2023-07,0.9789764469505785,0.9925558312655087
19,2023-08,0.988848145183425,0.9956575682382134
19,2023-09,0.974719825643928,0.9906947890818859
19,2023-10,0.9857962427933581,0.9950372208436724
19,2023-11,0.9867423962838641,0.9950372208436724
19,2023-12,0.9868059372067489,0.9956575682382134
19,2024-01,0.970195814806554,0.9900744416873449
19,2024-02,0.9798921483670322,0.9931761786600496
19,2024-03,0.9689429435962799,0.989454094292804
19,2024-04,0.986929777456159,0.9950372208436724
19,2024-05,0.9849624591328218,0.9950372208436724
19,2024-06,0.9858746346704041,0.9950372208436724
19,2024-07,0.9808920936816078,0.9931761786600496
19,2024-08,0.9888718910135283,0.9956575682382134
19,2024-09,0.9719593190664051,0.9900744416873449
19,2024-10,0.9868340906754266,0.9950372208436724
19,2024-11,0.9808766956579456,0.9931761786600496
19,2024-12,0.980870209979272,0.9931761786600496
20,2023-01,0.9667415979043253,0.988833746898263
20,2023-02,0.9554164439356538,0.9863523573200993
20,2023-03,0.9535654676336002,0.9857320099255583
20,2023-04,0.9612010783143751,0.9863523573200993
20,2023-05,0.9676621041676523,0.9882133995037221
20,2023-06,0.9667091390937481,0.9882133995037221
20,2023-07,0.9657093707698268,0.9869727047146402
20,2023-08,0.960871380087314,0.9863523573200993
20,2023-09,0.9725654324893678,0.9900744416873449
20,2023-10,0.9535497171123217,0.9838709677419355
20,2023-11,0.9801736359088834,0.9919354838709677
20,2023-12,0.969444733005274,0.989454094292804
20,2024-01,0.9646690464286924,0.9869727047146402
20,2024-02,0.9558060113440675,0.9844913151364765
20,2024-03,0.9686563799534953,0.988833746898263
20,2024-04,0.974729330836937,0.9900744416873449
20,2024-05,0.9723865259505069,0.989454094292804
20,2024-06,0.9697708719761144,0.989454094292804
20,2024-07,0.9588301341351222,0.9851116625310173
20,2024-08,0.9828667455318533,0.9937965260545906
20,2024-09,0.9759334659238118,0.9919354838709677
20,2024-10,0.9764453073944567,0.9906947890818859
20,2024-11,0.9647477747349501,0.9875930521091811
20,2024-12,0.9668099145746009,0.9882133995037221
