scenario,run,model,rule,ari,true_events,detected_events,matched_events,false_events,precision,recall,stable_nodes,false_stable_nodes,false_stable_percent
clear,1,attributes,all,0.9809119457389501,90,160,85,75,0.53125,0.9444444444444444,510,9,1.7647058823529411
clear,1,attributes,persistent,0.9809119457389501,90,89,84,5,0.9438202247191011,0.9333333333333333,510,0,0.0
clear,1,dynamic,all,0.9849410153150583,90,143,86,57,0.6013986013986014,0.9555555555555556,510,4,0.7843137254901961
clear,1,dynamic,persistent,0.9849410153150583,90,88,84,4,0.9545454545454546,0.9333333333333333,510,0,0.0
clear,2,attributes,all,0.9867430370245264,90,155,89,66,0.5741935483870968,0.9888888888888889,510,3,0.5882352941176471
clear,2,attributes,persistent,0.9867430370245264,90,86,85,1,0.9883720930232558,0.9444444444444444,510,0,0.0
clear,2,dynamic,all,0.9908580673256351,90,141,90,51,0.6382978723404256,1.0,510,2,0.39215686274509803
clear,2,dynamic,persistent,0.9908580673256351,90,85,85,0,1.0,0.9444444444444444,510,0,0.0
clear,3,attributes,all,0.9675334049604781,90,188,82,106,0.43617021276595747,0.9111111111111111,510,6,1.1764705882352942
clear,3,attributes,persistent,0.9675334049604781,90,85,79,6,0.9294117647058824,0.8777777777777778,510,0,0.0
clear,3,dynamic,all,0.9711380083918097,90,164,82,82,0.5,0.9111111111111111,510,4,0.7843137254901961
clear,3,dynamic,persistent,0.9711380083918097,90,85,79,6,0.9294117647058824,0.8777777777777778,510,0,0.0
clear,4,attributes,all,0.986419880843509,90,169,87,82,0.514792899408284,0.9666666666666667,510,6,1.1764705882352942
clear,4,attributes,persistent,0.986419880843509,90,85,84,1,0.9882352941176471,0.9333333333333333,510,0,0.0
clear,4,dynamic,all,0.9876555079045986,90,148,88,60,0.5945945945945946,0.9777777777777777,510,5,0.9803921568627451
clear,4,dynamic,persistent,0.9876555079045986,90,85,84,1,0.9882352941176471,0.9333333333333333,510,0,0.0
clear,5,attributes,all,0.9697405036626888,90,177,83,94,0.4689265536723164,0.9222222222222223,510,4,0.7843137254901961
clear,5,attributes,persistent,0.9697405036626888,90,82,77,5,0.9390243902439024,0.8555555555555555,510,0,0.0
clear,5,dynamic,all,0.9749092437332753,90,181,85,96,0.4696132596685083,0.9444444444444444,510,4,0.7843137254901961
clear,5,dynamic,persistent,0.9749092437332753,90,83,80,3,0.963855421686747,0.8888888888888888,510,0,0.0
calibrated,1,attributes,all,0.7986841902083572,90,899,76,823,0.08453837597330367,0.8444444444444444,510,115,22.54901960784314
calibrated,1,attributes,persistent,0.7986841902083572,90,85,64,21,0.7529411764705882,0.7111111111111111,510,11,2.156862745098039
calibrated,1,dynamic,all,0.829606020061865,90,818,79,739,0.09657701711491443,0.8777777777777778,510,100,19.607843137254903
calibrated,1,dynamic,persistent,0.829606020061865,90,85,62,23,0.7294117647058823,0.6888888888888889,510,11,2.156862745098039
calibrated,2,attributes,all,0.7967994521178466,90,898,71,827,0.07906458797327394,0.7888888888888889,510,88,17.254901960784313
calibrated,2,attributes,persistent,0.7967994521178466,90,83,49,34,0.5903614457831325,0.5444444444444444,510,17,3.3333333333333335
calibrated,2,dynamic,all,0.8303866646170565,90,831,74,757,0.08904933814681107,0.8222222222222222,510,82,16.07843137254902
calibrated,2,dynamic,persistent,0.8303866646170565,90,81,49,32,0.6049382716049383,0.5444444444444444,510,12,2.3529411764705883
calibrated,3,attributes,all,0.7771523093600489,90,916,68,848,0.07423580786026202,0.7555555555555555,510,105,20.58823529411765
calibrated,3,attributes,persistent,0.7771523093600489,90,73,48,25,0.6575342465753424,0.5333333333333333,510,10,1.9607843137254901
calibrated,3,dynamic,all,0.8040654445953126,90,844,72,772,0.08530805687203792,0.8,510,91,17.84313725490196
calibrated,3,dynamic,persistent,0.8040654445953126,90,73,48,25,0.6575342465753424,0.5333333333333333,510,11,2.156862745098039
calibrated,4,attributes,all,0.8009018317204332,90,909,79,830,0.08690869086908691,0.8777777777777778,510,109,21.372549019607842
calibrated,4,attributes,persistent,0.8009018317204332,90,90,62,28,0.6888888888888889,0.6888888888888889,510,14,2.7450980392156863
calibrated,4,dynamic,all,0.8346177324582089,90,794,78,716,0.0982367758186398,0.8666666666666667,510,100,19.607843137254903
calibrated,4,dynamic,persistent,0.8346177324582089,90,82,64,18,0.7804878048780488,0.7111111111111111,510,7,1.3725490196078431
calibrated,5,attributes,all,0.7576824123280934,90,1038,71,967,0.06840077071290944,0.7888888888888889,510,121,23.725490196078432
calibrated,5,attributes,persistent,0.7576824123280934,90,87,53,34,0.6091954022988506,0.5888888888888889,510,14,2.7450980392156863
calibrated,5,dynamic,all,0.7851593702907845,90,962,70,892,0.07276507276507277,0.7777777777777778,510,104,20.392156862745097
calibrated,5,dynamic,persistent,0.7851593702907845,90,89,55,34,0.6179775280898876,0.6111111111111112,510,14,2.7450980392156863
noisy,1,attributes,all,0.6827998459069528,90,2124,71,2053,0.033427495291902073,0.7888888888888889,510,284,55.68627450980392
noisy,1,attributes,persistent,0.6827998459069528,90,75,41,34,0.5466666666666666,0.45555555555555555,510,21,4.117647058823529
noisy,1,dynamic,all,0.7082899846380606,90,1997,70,1927,0.03505257886830245,0.7777777777777778,510,263,51.568627450980394
noisy,1,dynamic,persistent,0.7082899846380606,90,75,39,36,0.52,0.43333333333333335,510,22,4.313725490196078
noisy,2,attributes,all,0.6855477086060303,90,2032,69,1963,0.03395669291338583,0.7666666666666667,510,261,51.1764705882353
noisy,2,attributes,persistent,0.6855477086060303,90,81,36,45,0.4444444444444444,0.4,510,24,4.705882352941177
noisy,2,dynamic,all,0.7133884484542605,90,1925,71,1854,0.036883116883116886,0.7888888888888889,510,253,49.6078431372549
noisy,2,dynamic,persistent,0.7133884484542605,90,77,33,44,0.42857142857142855,0.36666666666666664,510,22,4.313725490196078
noisy,3,attributes,all,0.665623360107889,90,2011,62,1949,0.030830432620586774,0.6888888888888889,510,260,50.98039215686274
noisy,3,attributes,persistent,0.665623360107889,90,82,34,48,0.4146341463414634,0.37777777777777777,510,25,4.901960784313726
noisy,3,dynamic,all,0.6947289957556234,90,1907,65,1842,0.03408495018353435,0.7222222222222222,510,246,48.23529411764706
noisy,3,dynamic,persistent,0.6947289957556234,90,78,36,42,0.46153846153846156,0.4,510,21,4.117647058823529
noisy,4,attributes,all,0.691113723160019,90,2022,73,1949,0.0361028684470821,0.8111111111111111,510,254,49.80392156862745
noisy,4,attributes,persistent,0.691113723160019,90,90,42,48,0.4666666666666667,0.4666666666666667,510,26,5.098039215686274
noisy,4,dynamic,all,0.7147604492320845,90,1972,73,1899,0.03701825557809331,0.8111111111111111,510,245,48.03921568627451
noisy,4,dynamic,persistent,0.7147604492320845,90,87,42,45,0.4827586206896552,0.4666666666666667,510,20,3.9215686274509802
noisy,5,attributes,all,0.6395351640601811,90,2296,68,2228,0.029616724738675958,0.7555555555555555,510,276,54.11764705882353
noisy,5,attributes,persistent,0.6395351640601811,90,83,37,46,0.4457831325301205,0.4111111111111111,510,28,5.490196078431373
noisy,5,dynamic,all,0.6684429965666369,90,2145,69,2076,0.032167832167832165,0.7666666666666667,510,261,51.1764705882353
noisy,5,dynamic,persistent,0.6684429965666369,90,90,41,49,0.45555555555555555,0.45555555555555555,510,25,4.901960784313726
spike,1,attributes,all,0.7868105559718436,90,1046,76,970,0.07265774378585087,0.8444444444444444,510,171,33.529411764705884
spike,1,attributes,persistent,0.7868105559718436,90,86,64,22,0.7441860465116279,0.7111111111111111,510,10,1.9607843137254901
spike,1,dynamic,all,0.8165523757627927,90,959,79,880,0.08237747653806048,0.8777777777777778,510,161,31.568627450980394
spike,1,dynamic,persistent,0.8165523757627927,90,84,62,22,0.7380952380952381,0.6888888888888889,510,11,2.156862745098039
spike,2,attributes,all,0.7848430538807083,90,1035,71,964,0.06859903381642513,0.7888888888888889,510,147,28.823529411764707
spike,2,attributes,persistent,0.7848430538807083,90,83,49,34,0.5903614457831325,0.5444444444444444,510,17,3.3333333333333335
spike,2,dynamic,all,0.8185729684659412,90,959,74,885,0.07716371220020855,0.8222222222222222,510,139,27.254901960784313
spike,2,dynamic,persistent,0.8185729684659412,90,81,49,32,0.6049382716049383,0.5444444444444444,510,12,2.3529411764705883
spike,3,attributes,all,0.7657053628943178,90,1055,68,987,0.06445497630331753,0.7555555555555555,510,165,32.35294117647059
spike,3,attributes,persistent,0.7657053628943178,90,79,51,28,0.6455696202531646,0.5666666666666667,510,10,1.9607843137254901
spike,3,dynamic,all,0.7912698604918841,90,988,72,916,0.0728744939271255,0.8,510,152,29.80392156862745
spike,3,dynamic,persistent,0.7912698604918841,90,74,48,26,0.6486486486486487,0.5333333333333333,510,12,2.3529411764705883
spike,4,attributes,all,0.7889911579437646,90,1043,79,964,0.07574304889741132,0.8777777777777778,510,163,31.96078431372549
spike,4,attributes,persistent,0.7889911579437646,90,90,62,28,0.6888888888888889,0.6888888888888889,510,14,2.7450980392156863
spike,4,dynamic,all,0.8231322920141181,90,932,78,854,0.08369098712446352,0.8666666666666667,510,155,30.392156862745097
spike,4,dynamic,persistent,0.8231322920141181,90,81,63,18,0.7777777777777778,0.7,510,7,1.3725490196078431
spike,5,attributes,all,0.7463717481160291,90,1170,71,1099,0.06068376068376068,0.7888888888888889,510,174,34.11764705882353
spike,5,attributes,persistent,0.7463717481160291,90,85,54,31,0.6352941176470588,0.6,510,13,2.549019607843137
spike,5,dynamic,all,0.7733401584373653,90,1101,70,1031,0.06357856494096276,0.7777777777777778,510,159,31.176470588235293
spike,5,dynamic,persistent,0.7733401584373653,90,87,55,32,0.632183908045977,0.6111111111111112,510,13,2.549019607843137
no_changes,1,attributes,all,0.8466495972420054,0,799,0,799,0.0,,600,123,20.5
no_changes,1,attributes,persistent,0.8466495972420054,0,18,0,18,0.0,,600,13,2.1666666666666665
no_changes,1,dynamic,all,0.8792763336859597,0,673,0,673,0.0,,600,110,18.333333333333332
no_changes,1,dynamic,persistent,0.8792763336859597,0,11,0,11,0.0,,600,10,1.6666666666666667
no_changes,2,attributes,all,0.8597857332224694,0,693,0,693,0.0,,600,112,18.666666666666668
no_changes,2,attributes,persistent,0.8597857332224694,0,16,0,16,0.0,,600,11,1.8333333333333333
no_changes,2,dynamic,all,0.8951868918891477,0,550,0,550,0.0,,600,97,16.166666666666668
no_changes,2,dynamic,persistent,0.8951868918891477,0,14,0,14,0.0,,600,9,1.5
no_changes,3,attributes,all,0.8180625908592606,0,713,0,713,0.0,,600,121,20.166666666666668
no_changes,3,attributes,persistent,0.8180625908592606,0,22,0,22,0.0,,600,14,2.3333333333333335
no_changes,3,dynamic,all,0.8419466440773856,0,719,0,719,0.0,,600,112,18.666666666666668
no_changes,3,dynamic,persistent,0.8419466440773856,0,18,0,18,0.0,,600,15,2.5
no_changes,4,attributes,all,0.8323698268439821,0,788,0,788,0.0,,600,127,21.166666666666668
no_changes,4,attributes,persistent,0.8323698268439821,0,16,0,16,0.0,,600,13,2.1666666666666665
no_changes,4,dynamic,all,0.8624575113808128,0,650,0,650,0.0,,600,109,18.166666666666668
no_changes,4,dynamic,persistent,0.8624575113808128,0,14,0,14,0.0,,600,10,1.6666666666666667
no_changes,5,attributes,all,0.8459708632140565,0,740,0,740,0.0,,600,127,21.166666666666668
no_changes,5,attributes,persistent,0.8459708632140565,0,14,0,14,0.0,,600,12,2.0
no_changes,5,dynamic,all,0.8782264345385168,0,579,0,579,0.0,,600,106,17.666666666666668
no_changes,5,dynamic,persistent,0.8782264345385168,0,10,0,10,0.0,,600,8,1.3333333333333333
