scenario,model,rule,ari,precision,recall,false_stable_percent,matched_events,true_events,detected_events,false_events
calibrated,attributes,all,0.7862440391469558,0.07832618025751073,0.8111111111111111,21.098039215686274,365,450,4660,4295
calibrated,attributes,persistent,0.7862440391469558,0.6602870813397129,0.6133333333333333,2.588235294117647,276,450,418,142
calibrated,dynamic,all,0.8167670464046456,0.0877853612614733,0.8288888888888889,18.705882352941178,373,450,4249,3876
calibrated,dynamic,persistent,0.8167670464046456,0.6780487804878049,0.6177777777777778,2.156862745098039,278,450,410,132
clear,attributes,all,0.9782697544460305,0.5017667844522968,0.9466666666666667,1.0980392156862746,426,450,849,423
clear,attributes,persistent,0.9782697544460305,0.9578454332552693,0.9088888888888889,0.0,409,450,427,18
clear,dynamic,all,0.9819003685340754,0.5546975546975547,0.9577777777777777,0.7450980392156863,431,450,777,346
clear,dynamic,persistent,0.9819003685340754,0.9671361502347418,0.9155555555555556,0.0,412,450,426,14
no_changes,attributes,all,0.8405677222763547,0.0,,20.333333333333332,0,0,3733,3733
no_changes,attributes,persistent,0.8405677222763547,0.0,,2.1,0,0,86,86
no_changes,dynamic,all,0.8714187631143645,0.0,,17.8,0,0,3171,3171
no_changes,dynamic,persistent,0.8714187631143645,0.0,,1.7333333333333334,0,0,67,67
noisy,attributes,all,0.6729239603682144,0.032713400095374344,0.7622222222222222,52.35294117647059,343,450,10485,10142
noisy,attributes,persistent,0.6729239603682144,0.46228710462287104,0.4222222222222222,4.862745098039215,190,450,411,221
noisy,dynamic,all,0.6999221749293332,0.03498894027749849,0.7733333333333333,49.72549019607843,348,450,9946,9598
noisy,dynamic,persistent,0.6999221749293332,0.4692874692874693,0.42444444444444446,4.313725490196078,191,450,407,216
spike,attributes,all,0.7745443757613326,0.06823705365488876,0.8111111111111111,32.15686274509804,365,450,5349,4984
spike,attributes,persistent,0.7745443757613326,0.6619385342789598,0.6222222222222222,2.5098039215686274,280,450,423,143
spike,dynamic,all,0.8045735310344202,0.0755213605993116,0.8288888888888889,30.03921568627451,373,450,4939,4566
spike,dynamic,persistent,0.8045735310344202,0.6805896805896806,0.6155555555555555,2.156862745098039,277,450,407,130
