clusters,model,sw_sample,valid_months,temporal_ari,modularity,min_cluster_share
2,"KMeans, признаки",0.362289,24,0.960087,0.418854,0.237650
2,"GMM, признаки",0.361836,24,0.951267,0.422484,0.232449
2,"KMeans, статическая сеть",0.369322,24,0.959768,0.438406,0.213729
2,"KMeans, динамическая сеть",0.365273,24,0.958877,0.431494,0.225689
3,"KMeans, признаки",0.248482,24,0.909346,0.441839,0.196568
3,"GMM, признаки",0.227654,24,0.932308,0.462822,0.144046
3,"KMeans, статическая сеть",0.262000,24,0.923403,0.472237,0.189808
3,"KMeans, динамическая сеть",0.264760,24,0.920842,0.464089,0.198128
4,"KMeans, признаки",0.226138,24,0.928896,0.433596,0.092564
4,"GMM, признаки",0.149939,24,0.961507,0.433900,0.139366
4,"KMeans, статическая сеть",0.246531,24,0.940929,0.499495,0.098804
4,"KMeans, динамическая сеть",0.245712,24,0.937659,0.488301,0.094124
5,"KMeans, признаки",0.199993,24,0.842361,0.463051,0.079043
5,"GMM, признаки",0.168774,24,0.954978,0.440489,0.083203
5,"KMeans, статическая сеть",0.195045,24,0.850400,0.500374,0.082683
5,"KMeans, динамическая сеть",0.197616,24,0.839437,0.487505,0.081643
6,"KMeans, признаки",0.192733,24,0.818725,0.476281,0.070723
6,"GMM, признаки",0.130320,24,0.933226,0.424523,0.072803
6,"KMeans, статическая сеть",0.186471,24,0.840932,0.508990,0.073843
6,"KMeans, динамическая сеть",0.189089,24,0.830497,0.505606,0.073323
7,"KMeans, признаки",0.184831,24,0.786922,0.464825,0.068643
7,"GMM, признаки",0.109156,24,0.931792,0.400685,0.074363
7,"KMeans, статическая сеть",0.177347,24,0.813121,0.503786,0.071763
7,"KMeans, динамическая сеть",0.180827,24,0.799820,0.498996,0.073843
8,"KMeans, признаки",0.184440,24,0.788983,0.450676,0.067603
8,"GMM, признаки",0.095591,24,0.933471,0.406467,0.057722
8,"KMeans, статическая сеть",0.175482,24,0.808186,0.498049,0.066043
8,"KMeans, динамическая сеть",0.178320,24,0.804194,0.494476,0.061362
