territory_id,year,population,urban_population,rural_population
1,2023,163766,139687,24079
1,2024,161898,137965,23933
2,2023,15614,13191,2423
2,2024,15661,13224,2437
3,2023,31933,0,31933
3,2024,31872,0,31872
4,2023,30153,0,30153
4,2024,30319,0,30319
5,2023,31977,0,31977
5,2024,32095,0,32095
6,2023,58793,0,58793
6,2024,59156,0,59156
7,2023,127291,83822,43469
7,2024,131043,85181,45862
8,2023,22196,7244,14952
8,2024,22260,7240,15020
9,2023,16262,0,16262
9,2024,16287,0,16287
10,2023,64957,64957,0
10,2024,64508,64508,0
11,2023,18512,0,18512
11,2024,18620,0,18620
12,2023,30665,0,30665
12,2024,30941,0,30941
13,2023,14049,0,14049
13,2024,14025,0,14025
14,2023,10960,0,10960
14,2024,10794,0,10794
15,2023,11798,0,11798
15,2024,11926,0,11926
16,2023,14297,0,14297
16,2024,14207,0,14207
17,2023,15691,0,15691
17,2024,15634,0,15634
18,2023,10394,0,10394
18,2024,10557,0,10557
19,2023,7471,0,7471
19,2024,7439,0,7439
20,2023,11975,0,11975
20,2024,12114,0,12114
21,2023,1180979,1157994,22985
21,2024,1186715,1163304,23411
22,2023,14002,14002,0
22,2024,13728,13728,0
23,2023,61699,57812,3887
23,2024,61143,57289,3854
25,2023,144006,133300,10706
25,2024,144598,133960,10638
26,2023,116282,116282,0
26,2024,116427,116427,0
27,2023,147296,147296,0
27,2024,146633,146633,0
28,2023,56930,56327,603
28,2024,56470,55881,589
29,2023,279174,279174,0
29,2024,280497,280497,0
30,2023,44334,0,44334
30,2024,43983,0,43983
31,2023,36055,0,36055
31,2024,35536,0,35536
32,2023,16847,0,16847
32,2024,16616,0,16616
33,2023,17773,0,17773
33,2024,17418,0,17418
34,2023,30429,0,30429
34,2024,29757,0,29757
35,2023,54122,17753,36369
35,2024,53399,17580,35819
36,2023,25010,0,25010
36,2024,24813,0,24813
37,2023,18156,0,18156
37,2024,17837,0,17837
38,2023,95852,78513,17339
38,2024,94978,77978,17000
39,2023,17583,0,17583
39,2024,17369,0,17369
40,2023,97873,64212,33661
40,2024,96915,63743,33172
41,2023,21362,0,21362
41,2024,20951,0,20951
42,2023,61865,44859,17006
42,2024,61478,44833,16645
43,2023,24138,0,24138
43,2024,23850,0,23850
44,2023,49148,35355,13793
44,2024,48718,35238,13480
45,2023,25725,0,25725
45,2024,25432,0,25432
46,2023,21217,0,21217
46,2024,20840,0,20840
47,2023,17298,0,17298
47,2024,17061,0,17061
48,2023,30022,0,30022
48,2024,29525,0,29525
49,2023,36195,21391,14804
49,2024,35565,21180,14385
50,2023,30827,0,30827
50,2024,30750,0,30750
51,2023,59679,31205,28474
51,2024,59179,31067,28112
52,2023,14689,0,14689
52,2024,14369,0,14369
53,2023,23890,0,23890
53,2024,23381,0,23381
54,2023,14560,0,14560
54,2024,14231,0,14231
55,2023,70277,0,70277
55,2024,71099,0,71099
56,2023,30701,0,30701
56,2024,30405,0,30405
57,2023,83847,63171,20676
57,2024,82948,62672,20276
58,2023,21551,0,21551
58,2024,21101,0,21101
59,2023,23589,0,23589
59,2024,23105,0,23105
60,2023,51986,0,51986
60,2024,51575,0,51575
61,2023,16478,0,16478
61,2024,16339,0,16339
62,2023,25683,0,25683
62,2024,25332,0,25332
63,2023,26845,0,26845
63,2024,26359,0,26359
65,2023,26704,0,26704
65,2024,26370,0,26370
66,2023,80565,55676,24889
66,2024,79609,55174,24435
67,2023,22158,0,22158
67,2024,21838,0,21838
68,2023,21188,0,21188
68,2024,20716,0,20716
69,2023,23590,0,23590
69,2024,23086,0,23086
70,2023,20228,0,20228
70,2024,19945,0,19945
71,2023,23700,0,23700
71,2024,23304,0,23304
72,2023,16744,0,16744
72,2024,16360,0,16360
73,2023,47644,0,47644
73,2024,47531,0,47531
74,2023,21097,0,21097
74,2024,20679,0,20679
75,2023,131554,68379,63175
75,2024,130733,67807,62926
76,2023,114453,0,114453
76,2024,117125,0,117125
77,2023,69195,36198,32997
77,2024,68451,36121,32330
78,2023,15783,0,15783
78,2024,15491,0,15491
79,2023,29895,0,29895
79,2024,29249,0,29249
80,2023,27968,0,27968
80,2024,27671,0,27671
81,2023,50859,22441,28418
81,2024,50536,22391,28145
82,2023,19000,0,19000
82,2024,18637,0,18637
83,2023,42880,25635,17245
83,2024,42391,25449,16942
167,2023,271656,245961,25695
167,2024,271464,245756,25708
168,2023,60724,39749,20975
168,2024,61043,40010,21033
169,2023,59778,59778,0
169,2024,60023,60023,0
173,2023,37828,26286,11542
173,2024,37609,26143,11466
181,2023,13530,8172,5358
181,2024,13573,8137,5436
184,2023,18310,13670,4640
184,2024,18650,13919,4731
185,2023,9207,0,9207
185,2024,9256,0,9256
188,2023,11043,0,11043
188,2024,11466,0,11466
191,2023,8828,0,8828
191,2024,8903,0,8903
194,2023,112789,112789,0
194,2024,112782,112782,0
195,2023,41060,36605,4455
195,2024,41150,36649,4501
196,2023,17867,0,17867
196,2024,18121,0,18121
198,2023,53819,0,53819
198,2024,53555,0,53555
201,2023,16443,0,16443
201,2024,16400,0,16400
203,2023,24282,5549,18733
203,2024,24072,5481,18591
204,2023,50777,31357,19420
204,2024,50870,31523,19347
205,2023,30929,0,30929
205,2024,31020,0,31020
206,2023,235793,235793,0
206,2024,235694,235694,0
207,2023,26531,25928,603
207,2024,26470,25878,592
208,2023,12546,7407,5139
208,2024,12305,7260,5045
209,2023,5939,3417,2522
209,2024,5888,3404,2484
210,2023,12715,9712,3003
210,2024,12493,9580,2913
211,2023,31671,25295,6376
211,2024,31368,25040,6328
212,2023,10709,5855,4854
212,2024,10502,5725,4777
213,2023,10289,7178,3111
213,2024,10092,7092,3000
214,2023,23931,17355,6576
214,2024,23603,17163,6440
215,2023,7903,2507,5396
215,2024,7695,2445,5250
216,2023,18662,7631,11031
216,2024,18460,7541,10919
217,2023,14735,8094,6641
217,2024,14495,7973,6522
218,2023,21994,0,21994
218,2024,21969,0,21969
219,2023,12259,2984,9275
219,2024,12023,2955,9068
220,2023,14351,7207,7144
220,2024,13907,7104,6803
221,2023,31609,28985,2624
221,2024,31219,28672,2547
222,2023,23825,18720,5105
222,2024,23603,18542,5061
223,2023,12418,6819,5599
223,2024,12070,6697,5373
224,2023,233105,232422,683
224,2024,232811,232134,677
225,2023,67702,67410,292
225,2024,67547,67249,298
226,2023,10365,9198,1167
226,2024,10125,9001,1124
227,2023,21092,19947,1145
227,2024,20870,19764,1106
228,2023,36025,32062,3963
228,2024,35807,31884,3923
229,2023,94168,92534,1634
229,2024,93096,91482,1614
230,2023,16294,0,16294
230,2024,16187,0,16187
231,2023,15250,12827,2423
231,2024,14981,12630,2351
232,2023,7571,0,7571
232,2024,7470,0,7470
233,2023,18538,0,18538
233,2024,18232,0,18232
234,2023,42796,37774,5022
234,2024,42164,37327,4837
235,2023,17418,0,17418
235,2024,17018,0,17018
236,2023,34217,31073,3144
236,2024,33872,30861,3011
237,2023,21432,0,21432
237,2024,21442,0,21442
238,2023,11753,0,11753
238,2024,11592,0,11592
239,2023,9676,5876,3800
239,2024,9461,5824,3637
240,2023,12529,7856,4673
240,2024,12261,7782,4479
241,2023,23861,15380,8481
241,2024,23548,15164,8384
242,2023,22164,0,22164
242,2024,21766,0,21766
243,2023,10478,0,10478
243,2024,10360,0,10360
269,2023,294128,283469,10659
269,2024,295711,285042,10669
270,2023,52164,52164,0
270,2024,51634,51634,0
271,2023,19355,19355,0
271,2024,19054,19054,0
272,2023,20633,3698,16935
272,2024,20454,3659,16795
273,2023,19891,0,19891
273,2024,19578,0,19578
274,2023,38830,19508,19322
274,2024,38471,19319,19152
275,2023,11211,3897,7314
275,2024,11082,3864,7218
276,2023,11637,4744,6893
276,2024,11382,4681,6701
277,2023,17406,4376,13030
277,2024,17046,4299,12747
278,2023,67681,25345,42336
278,2024,67769,25724,42045
279,2023,26138,8618,17520
279,2024,25758,8558,17200
280,2023,13597,5629,7968
280,2024,13402,5581,7821
281,2023,12379,5501,6878
281,2024,12182,5445,6737
282,2023,13181,5267,7914
282,2024,13008,5270,7738
283,2023,21572,8060,13512
283,2024,21264,8007,13257
284,2023,26377,10483,15894
284,2024,26112,10437,15675
285,2023,6141,2546,3595
285,2024,5947,2468,3479
287,2023,23935,13006,10929
287,2024,23694,12845,10849
288,2023,9088,0,9088
288,2024,9012,0,9012
289,2023,17467,5979,11488
289,2024,17246,5969,11277
290,2023,11743,0,11743
290,2024,11711,0,11711
292,2023,11268,0,11268
292,2024,11280,0,11280
293,2023,9271,0,9271
293,2024,9068,0,9068
294,2023,45860,22816,23044
294,2024,45470,22767,22703
295,2023,11686,7710,3976
295,2024,11516,7614,3902
296,2023,17147,0,17147
296,2024,16897,0,16897
297,2023,6680,3840,2840
297,2024,6593,3808,2785
298,2023,36267,19462,16805
298,2024,35879,19344,16535
300,2023,21734,8701,13033
300,2024,21456,8605,12851
301,2023,33732,0,33732
301,2024,33537,0,33537
302,2023,19042,0,19042
302,2024,18857,0,18857
303,2023,59259,42421,16838
303,2024,58820,42124,16696
304,2023,11515,0,11515
304,2024,11300,0,11300
305,2023,12876,6304,6572
305,2024,12696,6266,6430
306,2023,9175,0,9175
306,2024,8971,0,8971
307,2023,18328,8892,9436
307,2024,18231,8939,9292
308,2023,28600,20379,8221
308,2024,28433,20284,8149
309,2023,378549,361154,17395
309,2024,384979,367667,17312
312,2023,39279,35848,3431
312,2024,38998,35652,3346
314,2023,16894,0,16894
314,2024,16705,0,16705
316,2023,7997,4440,3557
316,2024,8126,4600,3526
317,2023,20889,0,20889
317,2024,20721,0,20721
318,2023,3748,2455,1293
318,2024,3687,2406,1281
319,2023,10009,4683,5326
319,2024,9998,4655,5343
320,2023,25121,12843,12278
320,2024,25157,12996,12161
321,2023,12004,0,12004
321,2024,11936,0,11936
323,2023,11188,3270,7918
323,2024,11053,3237,7816
324,2023,22997,10055,12942
324,2024,22761,10038,12723
325,2023,32106,28138,3968
325,2024,31833,27969,3864
326,2023,33110,5139,27971
326,2024,32932,5300,27632
327,2023,71308,68683,2625
327,2024,71704,69140,2564
329,2023,24860,0,24860
329,2024,25069,0,25069
330,2023,69032,67770,1262
330,2024,68431,67194,1237
331,2023,4211,2641,1570
331,2024,4175,2613,1562
332,2023,7600,4496,3104
332,2024,7566,4503,3063
333,2023,20691,8457,12234
333,2024,20525,8544,11981
334,2023,4361,0,4361
334,2024,4364,0,4364
335,2023,6741,3118,3623
335,2024,6714,3120,3594
336,2023,22352,0,22352
336,2024,22228,0,22228
337,2023,16858,0,16858
337,2024,16750,0,16750
338,2023,11064,6187,4877
338,2024,10897,6101,4796
339,2023,22249,0,22249
339,2024,22012,0,22012
340,2023,7159,4877,2282
340,2024,7343,5112,2231
341,2023,6809,3524,3285
341,2024,6725,3451,3274
342,2023,34435,17183,17252
342,2024,34331,17235,17096
343,2023,21955,0,21955
343,2024,21807,0,21807
345,2023,309619,308245,1374
345,2024,309358,307993,1365
346,2023,38381,21315,17066
346,2024,38229,21261,16968
347,2023,31288,18915,12373
347,2024,31304,18949,12355
348,2023,18504,9993,8511
348,2024,18606,10068,8538
349,2023,15607,0,15607
349,2024,15554,0,15554
351,2023,82698,35662,47036
351,2024,81941,35203,46738
352,2023,55510,36011,19499
352,2024,55643,36160,19483
354,2023,1314685,1314685,0
354,2024,1318604,1318604,0
355,2023,545750,545750,0
355,2024,544383,544383,0
356,2023,34692,19860,14832
356,2024,34401,19804,14597
357,2023,57623,41901,15722
357,2024,57093,41583,15510
358,2023,26484,9078,17406
358,2024,26162,9060,17102
359,2023,27710,0,27710
359,2024,27287,0,27287
360,2023,24739,11602,13137
360,2024,24626,11590,13036
361,2023,18228,0,18228
361,2024,18063,0,18063
362,2023,213275,173770,39505
362,2024,212359,173321,39038
363,2023,18786,5089,13697
363,2024,18676,5141,13535
364,2023,50166,20106,30060
364,2024,49659,19958,29701
365,2023,12371,0,12371
365,2024,12245,0,12245
366,2023,32711,21176,11535
366,2024,32239,20971,11268
367,2023,32861,8225,24636
367,2024,32840,8315,24525
368,2023,100110,84817,15293
368,2024,99177,84118,15059
369,2023,39524,19741,19783
369,2024,39135,19597,19538
370,2023,17493,4211,13282
370,2024,17641,4451,13190
371,2023,58283,0,58283
371,2024,60647,0,60647
372,2023,20429,0,20429
372,2024,20085,0,20085
373,2023,85667,73890,11777
373,2024,85471,73759,11712
374,2023,52812,39241,13571
374,2024,52217,38849,13368
375,2023,169710,123434,46276
375,2024,169798,123117,46681
376,2023,12622,0,12622
376,2024,12423,0,12423
377,2023,14305,7536,6769
377,2024,14157,7511,6646
378,2023,51290,17777,33513
378,2024,51202,17763,33439
379,2023,67057,9050,58007
379,2024,71646,9055,62591
380,2023,78468,60595,17873
380,2024,77755,60214,17541
381,2023,39955,15686,24269
381,2024,39698,15774,23924
382,2023,30523,22695,7828
382,2024,30286,22541,7745
383,2023,26732,15846,10886
383,2024,26385,15700,10685
384,2023,18828,0,18828
384,2024,18692,0,18692
385,2023,277053,254955,22098
385,2024,276414,254213,22201
386,2023,12798,0,12798
386,2024,12574,0,12574
387,2023,52133,33386,18747
387,2024,51661,33125,18536
388,2023,64944,0,64944
388,2024,66372,0,66372
390,2023,30407,8944,21463
390,2024,30381,8976,21405
391,2023,34003,13377,20626
391,2024,33666,13270,20396
392,2023,18209,8228,9981
392,2024,18014,8147,9867
393,2023,20066,10302,9764
393,2024,19798,10204,9594
395,2023,13562,0,13562
395,2024,13489,0,13489
396,2023,17962,0,17962
396,2024,17877,0,17877
397,2023,73850,58368,15482
397,2024,73234,58066,15168
398,2023,19712,10426,9286
398,2024,19452,10353,9099
401,2023,10548,0,10548
401,2024,10431,0,10431
402,2023,11881,0,11881
402,2024,11626,0,11626
403,2023,19185,9566,9619
403,2024,18916,9457,9459
404,2023,12100,0,12100
404,2024,11974,0,11974
405,2023,36061,19869,16192
405,2024,36340,20142,16198
408,2023,10501,4985,5516
408,2024,10364,4925,5439
410,2023,15234,0,15234
410,2024,15098,0,15098
413,2023,6681,0,6681
413,2024,6694,0,6694
414,2023,20131,11724,8407
414,2024,19940,11644,8296
416,2023,7670,0,7670
416,2024,7592,0,7592
418,2023,620591,620591,0
418,2024,618776,618776,0
419,2023,96646,96646,0
419,2024,96037,96037,0
420,2023,86996,86996,0
420,2024,85870,85870,0
421,2023,44038,44038,0
421,2024,43557,43557,0
422,2023,90260,90260,0
422,2024,89442,89442,0
423,2023,20182,0,20182
423,2024,19971,0,19971
424,2023,27261,0,27261
424,2024,26866,0,26866
425,2023,13827,0,13827
425,2024,13809,0,13809
428,2023,8699,0,8699
428,2024,8624,0,8624
429,2023,10804,0,10804
429,2024,10744,0,10744
430,2023,82103,0,82103
430,2024,83460,0,83460
431,2023,32865,0,32865
431,2024,32538,0,32538
432,2023,15789,9916,5873
432,2024,15570,9838,5732
433,2023,10224,0,10224
433,2024,10095,0,10095
434,2023,18032,0,18032
434,2024,17833,0,17833
435,2023,17595,0,17595
435,2024,17496,0,17496
436,2023,8666,0,8666
436,2024,8518,0,8518
437,2023,7584,0,7584
437,2024,7480,0,7480
438,2023,31253,0,31253
438,2024,30993,0,30993
440,2023,23501,0,23501
440,2024,23267,0,23267
441,2023,10457,0,10457
441,2024,10292,0,10292
442,2023,10209,0,10209
442,2024,9970,0,9970
443,2023,34140,0,34140
443,2024,33739,0,33739
444,2023,19022,0,19022
444,2024,18886,0,18886
445,2023,7343,0,7343
445,2024,7231,0,7231
446,2023,19371,0,19371
446,2024,19293,0,19293
447,2023,11148,0,11148
447,2024,10983,0,10983
448,2023,185348,185348,0
448,2024,185804,185804,0
449,2023,12055,12055,0
449,2024,11962,11962,0
450,2023,55899,55723,176
450,2024,55712,55537,175
451,2023,10820,9922,898
451,2024,10843,9948,895
452,2023,77875,77875,0
452,2024,77948,77948,0
453,2023,23993,0,23993
453,2024,24152,0,24152
455,2023,17492,0,17492
455,2024,17067,0,17067
456,2023,11181,0,11181
456,2024,11030,0,11030
457,2023,9758,0,9758
457,2024,9604,0,9604
458,2023,15416,0,15416
458,2024,15165,0,15165
459,2023,47052,13749,33303
459,2024,46354,13457,32897
460,2023,24494,0,24494
460,2024,24253,0,24253
478,2023,506351,496238,10113
478,2024,506480,496350,10130
479,2023,31550,31550,0
479,2024,31304,31304,0
480,2023,44257,44257,0
480,2024,43508,43508,0
481,2023,120425,120147,278
481,2024,120767,120499,268
482,2023,26321,26321,0
482,2024,26008,26008,0
484,2023,13788,0,13788
484,2024,13550,0,13550
485,2023,31190,0,31190
485,2024,30773,0,30773
486,2023,28773,0,28773
486,2024,28415,0,28415
487,2023,20179,0,20179
487,2024,19914,0,19914
489,2023,15100,7598,7502
489,2024,14831,7471,7360
490,2023,20626,0,20626
490,2024,20409,0,20409
491,2023,12585,0,12585
491,2024,12470,0,12470
492,2023,13739,0,13739
492,2024,13525,0,13525
493,2023,18877,7746,11131
493,2024,18507,7570,10937
494,2023,30826,0,30826
494,2024,30685,0,30685
495,2023,10452,0,10452
495,2024,10342,0,10342
496,2023,20427,0,20427
496,2024,20067,0,20067
497,2023,31328,12793,18535
497,2024,31134,12864,18270
498,2023,61599,0,61599
498,2024,61487,0,61487
499,2023,11611,0,11611
499,2024,11365,0,11365
501,2023,22684,7801,14883
501,2024,22282,7662,14620
502,2023,15257,0,15257
502,2024,14957,0,14957
503,2023,12239,0,12239
503,2024,12065,0,12065
504,2023,690128,640865,49263
504,2024,687601,638173,49428
505,2023,24804,24804,0
505,2024,24604,24604,0
506,2023,14791,14791,0
506,2024,14879,14879,0
507,2023,189639,181678,7961
507,2024,188780,180851,7929
508,2023,40626,40626,0
508,2024,40255,40255,0
509,2023,73122,73122,0
509,2024,73511,73511,0
510,2023,124687,124687,0
510,2024,123379,123379,0
511,2023,37149,27496,9653
511,2024,36769,27159,9610
512,2023,16447,16447,0
512,2024,16528,16528,0
515,2023,26306,0,26306
515,2024,26284,0,26284
516,2023,7994,0,7994
516,2024,7821,0,7821
517,2023,31796,0,31796
517,2024,31583,0,31583
518,2023,25706,16012,9694
518,2024,25464,15947,9517
519,2023,7728,0,7728
519,2024,7601,0,7601
520,2023,7216,0,7216
520,2024,7120,0,7120
521,2023,14900,0,14900
521,2024,14744,0,14744
522,2023,10811,0,10811
522,2024,10678,0,10678
523,2023,4762,0,4762
523,2024,4672,0,4672
524,2023,15697,0,15697
524,2024,15469,0,15469
525,2023,11444,0,11444
525,2024,11281,0,11281
527,2023,16142,9364,6778
527,2024,15905,9295,6610
528,2023,11723,0,11723
528,2024,11641,0,11641
529,2023,40373,31933,8440
529,2024,39949,31732,8217
530,2023,12620,0,12620
530,2024,12366,0,12366
531,2023,13533,0,13533
531,2024,13314,0,13314
532,2023,12865,0,12865
532,2024,12685,0,12685
533,2023,13804,0,13804
533,2024,13623,0,13623
534,2023,8062,0,8062
534,2024,7856,0,7856
535,2023,20480,0,20480
535,2024,20371,0,20371
536,2023,8155,0,8155
536,2024,8051,0,8051
537,2023,9765,0,9765
537,2024,9548,0,9548
538,2023,19707,9770,9937
538,2024,19183,9535,9648
539,2023,17803,0,17803
539,2024,17582,0,17582
540,2023,16483,2593,13890
540,2024,16349,2575,13774
541,2023,7533,0,7533
541,2024,7406,0,7406
542,2023,16392,0,16392
542,2024,16341,0,16341
543,2023,38931,0,38931
543,2024,38447,0,38447
544,2023,9268,0,9268
544,2024,9099,0,9099
545,2023,52558,0,52558
545,2024,53359,0,53359
546,2023,10396,0,10396
546,2024,10214,0,10214
547,2023,19641,0,19641
547,2024,19439,0,19439
548,2023,18967,0,18967
548,2024,18726,0,18726
549,2023,14551,0,14551
549,2024,14369,0,14369
550,2023,10697,0,10697
550,2024,10594,0,10594
552,2023,20472,0,20472
552,2024,20153,0,20153
553,2023,3380,0,3380
553,2024,3264,0,3264
554,2023,13757,0,13757
554,2024,13572,0,13572
555,2023,7292,0,7292
555,2024,7152,0,7152
556,2023,6150,0,6150
556,2024,6045,0,6045
557,2023,10349,0,10349
557,2024,10246,0,10246
558,2023,7082,0,7082
558,2024,7060,0,7060
559,2023,42586,17929,24657
559,2024,42346,17903,24443
560,2023,6346,0,6346
560,2024,6187,0,6187
561,2023,18383,0,18383
561,2024,18142,0,18142
562,2023,10228,0,10228
562,2024,10094,0,10094
563,2023,18242,0,18242
563,2024,17787,0,17787
564,2023,11012,0,11012
564,2024,10801,0,10801
565,2023,8920,0,8920
565,2024,8700,0,8700
566,2023,10944,0,10944
566,2024,10802,0,10802
567,2023,9282,0,9282
567,2024,9078,0,9078
568,2023,12392,0,12392
568,2024,12199,0,12199
569,2023,13147,0,13147
569,2024,12857,0,12857
570,2023,9445,0,9445
570,2024,9268,0,9268
571,2023,24524,0,24524
571,2024,24128,0,24128
572,2023,14938,0,14938
572,2024,14809,0,14809
574,2023,14683,14683,0
574,2024,14473,14473,0
578,2023,15537,10155,5382
578,2024,15274,10052,5222
579,2023,44344,39384,4960
579,2024,43803,39050,4753
581,2023,19646,13469,6177
581,2024,19300,13347,5953
582,2023,7377,4130,3247
582,2024,7207,4025,3182
584,2023,33677,21052,12625
584,2024,33483,21025,12458
585,2023,55713,51261,4452
585,2024,55782,51576,4206
586,2023,16105,0,16105
586,2024,15817,0,15817
587,2023,10238,0,10238
587,2024,9949,0,9949
589,2023,26642,16559,10083
589,2024,26450,16468,9982
591,2023,30332,18213,12119
591,2024,29773,17984,11789
593,2023,14792,2759,12033
593,2024,14576,2708,11868
594,2023,15487,7997,7490
594,2024,15082,7885,7197
595,2023,18184,12902,5282
595,2024,17869,12749,5120
598,2023,16960,2948,14012
598,2024,16787,2965,13822
599,2023,25060,12658,12402
599,2024,24713,12499,12214
600,2023,29424,20912,8512
600,2024,29154,20770,8384
601,2023,71269,19729,51540
601,2024,71661,19750,51911
602,2023,5711,0,5711
602,2024,5546,0,5546
603,2023,35585,24820,10765
603,2024,35034,24479,10555
608,2023,162992,162992,0
608,2024,163152,163152,0
612,2023,59658,37553,22105
612,2024,59889,37699,22190
613,2023,8890,0,8890
613,2024,8727,0,8727
614,2023,1988,0,1988
614,2024,1979,0,1979
615,2023,6185,0,6185
615,2024,6069,0,6069
616,2023,8744,0,8744
616,2024,8450,0,8450
618,2023,3403,0,3403
618,2024,3457,0,3457
619,2023,3569,0,3569
619,2024,3523,0,3523
621,2023,3668,0,3668
621,2024,3662,0,3662
666,2023,1197659,1196913,746
666,2024,1206237,1205473,764
667,2023,101384,101384,0
667,2024,101043,101043,0
668,2023,17841,17841,0
668,2024,17509,17509,0
669,2023,14985,14985,0
669,2024,14967,14967,0
670,2023,31719,27679,4040
670,2024,31561,27416,4145
671,2023,17655,17655,0
671,2024,17843,17843,0
674,2023,86034,86034,0
674,2024,85587,85587,0
675,2023,59207,59206,1
675,2024,58714,58713,1
676,2023,71792,71792,0
676,2024,71318,71318,0
677,2023,44761,44761,0
677,2024,44261,44261,0
678,2023,175466,175466,0
678,2024,177427,177427,0
679,2023,40619,40619,0
679,2024,40913,40913,0
680,2023,41024,41024,0
680,2024,40739,40739,0
683,2023,18068,0,18068
683,2024,17763,0,17763
685,2023,18078,6956,11122
685,2024,17854,6919,10935
686,2023,39806,18867,20939
686,2024,40429,18779,21650
687,2023,8136,0,8136
687,2024,7924,0,7924
689,2023,42460,0,42460
689,2024,42225,0,42225
690,2023,13706,7041,6665
690,2024,13529,6950,6579
691,2023,6846,0,6846
691,2024,6681,0,6681
692,2023,11589,0,11589
692,2024,11389,0,11389
693,2023,54015,15533,38482
693,2024,55572,15630,39942
694,2023,21466,3543,17923
694,2024,21238,3499,17739
695,2023,17583,0,17583
695,2024,17423,0,17423
696,2023,10498,0,10498
696,2024,10295,0,10295
697,2023,22954,15753,7201
697,2024,22528,15587,6941
698,2023,12871,0,12871
698,2024,12610,0,12610
699,2023,8657,0,8657
699,2024,8558,0,8558
701,2023,13367,0,13367
701,2024,13157,0,13157
702,2023,16917,13089,3828
702,2024,16559,12871,3688
703,2023,12001,6257,5744
703,2024,11808,6196,5612
704,2023,12990,0,12990
704,2024,12848,0,12848
705,2023,39701,22567,17134
705,2024,39269,22246,17023
706,2023,13588,0,13588
706,2024,13436,0,13436
708,2023,12208,6766,5442
708,2024,12009,6723,5286
710,2023,23928,13476,10452
710,2024,23480,13276,10204
711,2023,10848,0,10848
711,2024,10619,0,10619
712,2023,8111,0,8111
712,2024,7989,0,7989
713,2023,5857,0,5857
713,2024,5747,0,5747
714,2023,29892,15397,14495
714,2024,29400,15155,14245
715,2023,9177,0,9177
715,2024,9056,0,9056
716,2023,8492,5996,2496
716,2024,8308,5959,2349
717,2023,19135,0,19135
717,2024,18911,0,18911
718,2023,29889,19782,10107
718,2024,29609,19615,9994
719,2023,10129,0,10129
719,2024,9952,0,9952
720,2023,12491,3468,9023
720,2024,12684,3559,9125
721,2023,7685,0,7685
721,2024,7536,0,7536
722,2023,27593,14066,13527
722,2024,27453,14169,13284
723,2023,18047,11805,6242
723,2024,17912,11792,6120
725,2023,30328,16668,13660
725,2024,30274,16760,13514
726,2023,13311,0,13311
726,2024,13258,0,13258
727,2023,1027157,1027153,4
727,2024,1026912,1026908,4
731,2023,61656,53057,8599
731,2024,61124,52708,8416
734,2023,22972,20771,2201
734,2024,22642,20517,2125
735,2023,26401,0,26401
735,2024,26262,0,26262
736,2023,13692,0,13692
736,2024,13486,0,13486
737,2023,11874,0,11874
737,2024,11730,0,11730
738,2023,39102,22077,17025
738,2024,38931,21995,16936
739,2023,22067,21008,1059
739,2024,21697,20696,1001
741,2023,47852,39877,7975
741,2024,47730,39711,8019
742,2023,8718,0,8718
742,2024,8527,0,8527
743,2023,17327,2919,14408
743,2024,17130,2880,14250
744,2023,20192,0,20192
744,2024,19967,0,19967
745,2023,17530,15319,2211
745,2024,17213,15062,2151
746,2023,11074,0,11074
746,2024,10872,0,10872
747,2023,17604,14164,3440
747,2024,17217,13976,3241
748,2023,67055,52523,14532
748,2024,66475,51906,14569
749,2023,23317,0,23317
749,2024,22949,0,22949
751,2023,38404,26016,12388
751,2024,37780,25654,12126
752,2023,24270,13531,10739
752,2024,23944,13498,10446
753,2023,14149,0,14149
753,2024,13958,0,13958
754,2023,26446,19369,7077
754,2024,26196,19222,6974
755,2023,14240,6290,7950
755,2024,14030,6224,7806
756,2023,22456,17436,5020
756,2024,22301,17303,4998
757,2023,128215,0,128215
757,2024,128718,0,128718
758,2023,12059,0,12059
758,2024,11869,0,11869
760,2023,18289,8298,9991
760,2024,18094,8266,9828
761,2023,9885,0,9885
761,2024,9728,0,9728
763,2023,94467,75324,19143
763,2024,93785,74913,18872
764,2023,11958,0,11958
764,2024,11783,0,11783
765,2023,15097,7722,7375
765,2024,14730,7659,7071
766,2023,50585,33092,17493
766,2024,50392,33062,17330
767,2023,64392,52384,12008
767,2024,63686,51872,11814
769,2023,11876,0,11876
769,2024,11679,0,11679
770,2023,5685,0,5685
770,2024,5543,0,5543
771,2023,9469,0,9469
771,2024,9259,0,9259
773,2023,8631,0,8631
773,2024,8439,0,8439
774,2023,16457,0,16457
774,2024,16182,0,16182
775,2023,628385,597237,31148
775,2024,622782,591628,31154
776,2023,47306,47306,0
776,2024,47015,47015,0
777,2023,117858,108690,9168
777,2024,117762,108539,9223
778,2023,42271,40448,1823
778,2024,42502,40697,1805
779,2023,38999,33030,5969
779,2024,38543,32720,5823
780,2023,24891,23028,1863
780,2024,24564,22721,1843
781,2023,40210,34967,5243
781,2024,39685,34568,5117
782,2023,137136,136096,1040
782,2024,135345,134315,1030
783,2023,39517,33165,6352
783,2024,39132,32826,6306
784,2023,35096,35096,0
784,2024,34822,34822,0
785,2023,205343,179862,25481
785,2024,205435,179936,25499
787,2023,12391,0,12391
787,2024,12237,0,12237
788,2023,8026,0,8026
788,2024,7793,0,7793
789,2023,21082,15794,5288
789,2024,20727,15593,5134
790,2023,17605,12013,5592
790,2024,17312,11949,5363
791,2023,14116,3236,10880
791,2024,13859,3159,10700
792,2023,12150,6258,5892
792,2024,11848,6036,5812
793,2023,28755,7049,21706
793,2024,28474,7025,21449
794,2023,40669,0,40669
794,2024,41960,0,41960
795,2023,22935,5246,17689
795,2024,22743,5225,17518
796,2023,7511,3112,4399
796,2024,7209,3041,4168
797,2023,29869,0,29869
797,2024,29888,0,29888
798,2023,18359,9793,8566
798,2024,18096,9718,8378
799,2023,24402,17089,7313
799,2024,24093,16967,7126
800,2023,20204,0,20204
800,2024,19870,0,19870
801,2023,9876,8026,1850
801,2024,9728,7896,1832
802,2023,17419,0,17419
802,2024,17049,0,17049
803,2023,24798,18844,5954
803,2024,24400,18500,5900
804,2023,24807,8146,16661
804,2024,24478,8074,16404
805,2023,26306,6908,19398
805,2024,25893,6787,19106
806,2023,21421,0,21421
806,2024,21090,0,21090
807,2023,21135,9848,11287
807,2024,21051,9820,11231
808,2023,12144,0,12144
808,2024,11970,0,11970
809,2023,550260,550147,113
809,2024,557402,557271,131
812,2023,121534,121534,0
812,2024,123138,123138,0
813,2023,50136,50136,0
813,2024,50082,50082,0
818,2023,24405,22887,1518
818,2024,24717,23225,1492
820,2023,115826,115826,0
820,2024,114556,114556,0
824,2023,213377,199076,14301
824,2024,211692,197437,14255
826,2023,46441,0,46441
826,2024,46217,0,46217
827,2023,33526,0,33526
827,2024,33305,0,33305
828,2023,29621,0,29621
828,2024,29279,0,29279
829,2023,22874,0,22874
829,2024,22666,0,22666
830,2023,107390,57121,50269
830,2024,106466,56488,49978
831,2023,37986,0,37986
831,2024,37958,0,37958
832,2023,78120,0,78120
832,2024,77707,0,77707
833,2023,35811,0,35811
833,2024,35678,0,35678
834,2023,52548,0,52548
834,2024,52260,0,52260
835,2023,34905,0,34905
835,2024,34715,0,34715
836,2023,24624,0,24624
836,2024,24490,0,24490
838,2023,20544,0,20544
838,2024,20369,0,20369
839,2023,32451,0,32451
839,2024,32211,0,32211
840,2023,22217,0,22217
840,2024,22025,0,22025
841,2023,166092,112793,53299
841,2024,165229,112179,53050
842,2023,617168,617168,0
842,2024,615570,615570,0
843,2023,236158,236158,0
843,2024,235488,235488,0
844,2023,56707,48087,8620
844,2024,55970,47492,8478
846,2023,21445,15875,5570
846,2024,21147,15575,5572
847,2023,34071,25622,8449
847,2024,33535,25227,8308
848,2023,24861,18936,5925
848,2024,24441,18696,5745
849,2023,19440,12791,6649
849,2024,19202,12739,6463
851,2023,38232,20697,17535
851,2024,37861,20614,17247
852,2023,14430,0,14430
852,2024,13922,0,13922
853,2023,23830,20286,3544
853,2024,23555,20033,3522
854,2023,6083,3257,2826
854,2024,6326,3212,3114
855,2023,3657,0,3657
855,2024,3532,0,3532
856,2023,36866,36162,704
856,2024,36352,35668,684
857,2023,27089,12253,14836
857,2024,26843,12196,14647
859,2023,14304,0,14304
859,2024,13977,0,13977
860,2023,82008,4894,77114
860,2024,82380,4822,77558
870,2023,12729,7580,5149
870,2024,12372,7450,4922
871,2023,17256,0,17256
871,2024,17004,0,17004
872,2023,35071,0,35071
872,2024,35810,0,35810
873,2023,16940,13183,3757
873,2024,16566,12936,3630
874,2023,11783,9253,2530
874,2024,11590,9126,2464
875,2023,11572,0,11572
875,2024,11287,0,11287
876,2023,21126,0,21126
876,2024,20785,0,20785
877,2023,10829,0,10829
877,2024,10666,0,10666
878,2023,16847,11960,4887
878,2024,16478,11698,4780
879,2023,9373,0,9373
879,2024,9173,0,9173
880,2023,12478,0,12478
880,2024,12248,0,12248
881,2023,18720,0,18720
881,2024,18390,0,18390
882,2023,7325,0,7325
882,2024,7209,0,7209
883,2023,11506,0,11506
883,2024,11318,0,11318
885,2023,21156,9271,11885
885,2024,20859,9240,11619
886,2023,20328,13799,6529
886,2024,19790,13429,6361
888,2023,13606,0,13606
888,2024,13370,0,13370
889,2023,5143,0,5143
889,2024,5003,0,5003
890,2023,303357,298617,4740
890,2024,301376,296665,4711
891,2023,34002,34002,0
891,2024,33663,33663,0
892,2023,67023,66939,84
892,2024,66838,66754,84
895,2023,32826,32826,0
895,2024,32639,32638,1
896,2023,156731,156056,675
896,2024,156310,155647,663
897,2023,45261,26102,19159
897,2024,44862,25945,18917
898,2023,11299,0,11299
898,2024,10925,0,10925
899,2023,8759,0,8759
899,2024,8586,0,8586
900,2023,12647,0,12647
900,2024,12371,0,12371
901,2023,14796,8737,6059
901,2024,14660,8709,5951
902,2023,18209,10317,7892
902,2024,17807,10142,7665
903,2023,17228,8526,8702
903,2024,17119,8602,8517
904,2023,10234,0,10234
904,2024,10008,0,10008
905,2023,9879,3932,5947
905,2024,9646,3872,5774
907,2023,7248,2832,4416
907,2024,7098,2835,4263
908,2023,22889,18146,4743
908,2024,22613,18074,4539
909,2023,24068,18391,5677
909,2024,23456,17943,5513
911,2023,33589,22423,11166
911,2024,33077,22110,10967
912,2023,28793,0,28793
912,2024,28908,0,28908
913,2023,23609,9008,14601
913,2024,23280,9337,13943
914,2023,18445,0,18445
914,2024,17957,0,17957
915,2023,10681,4524,6157
915,2024,10436,4439,5997
918,2023,468842,468842,0
918,2024,465524,465524,0
920,2023,57400,44368,13032
920,2024,57030,44201,12829
922,2023,25035,0,25035
922,2024,25039,0,25039
923,2023,48058,12980,35078
923,2024,47744,12949,34795
924,2023,47368,20849,26519
924,2024,46892,20646,26246
925,2023,36117,0,36117
925,2024,35860,0,35860
926,2023,27946,8833,19113
926,2024,27717,8744,18973
927,2023,47916,10953,36963
927,2024,47528,10856,36672
928,2023,64629,0,64629
928,2024,66669,0,66669
929,2023,39706,18296,21410
929,2024,39434,18161,21273
930,2023,19408,0,19408
930,2024,19298,0,19298
986,2023,349315,346771,2544
986,2024,346685,344082,2603
987,2023,52002,51921,81
987,2024,51182,51098,84
988,2023,130327,130327,0
988,2024,128879,128879,0
989,2023,113330,105995,7335
989,2024,112091,104806,7285
991,2023,104158,89828,14330
991,2024,102657,88445,14212
992,2023,68662,44352,24310
992,2024,66875,43310,23565
993,2023,20260,12310,7950
993,2024,19901,12104,7797
994,2023,39472,6100,33372
994,2024,38749,5985,32764
995,2023,30510,11857,18653
995,2024,30466,11776,18690
996,2023,38094,26548,11546
996,2024,37950,26266,11684
998,2023,48256,38492,9764
998,2024,47188,37741,9447
999,2023,31820,13147,18673
999,2024,31240,12902,18338
1001,2023,58851,47153,11698
1001,2024,58074,46370,11704
1002,2023,16791,7796,8995
1002,2024,16758,7764,8994
1003,2023,49313,36067,13246
1003,2024,48500,35511,12989
1004,2023,34595,10150,24445
1004,2024,34005,10020,23985
1005,2023,46468,9090,37378
1005,2024,46532,8932,37600
1006,2023,31345,16947,14398
1006,2024,30784,16624,14160
1007,2023,1025662,1025662,0
1007,2024,1018898,1018898,0
1008,2023,316544,316544,0
1008,2024,315220,315220,0
1009,2023,105471,105471,0
1009,2024,105187,105187,0
1010,2023,82970,59848,23122
1010,2024,82402,59590,22812
1011,2023,35449,35449,0
1011,2024,35085,35085,0
1012,2023,34494,34494,0
1012,2024,34173,34173,0
1013,2023,14873,0,14873
1013,2024,14771,0,14771
1014,2023,24781,7074,17707
1014,2024,24854,7230,17624
1015,2023,59337,34912,24425
1015,2024,59927,35246,24681
1016,2023,12515,4105,8410
1016,2024,12175,3977,8198
1017,2023,28817,14539,14278
1017,2024,28637,14490,14147
1018,2023,28360,13771,14589
1018,2024,27976,13675,14301
1019,2023,36278,27179,9099
1019,2024,35986,27061,8925
1020,2023,31190,10230,20960
1020,2024,30650,10091,20559
1021,2023,51061,23776,27285
1021,2024,50507,23578,26929
1023,2023,14639,0,14639
1023,2024,14536,0,14536
1024,2023,16093,0,16093
1024,2024,15893,0,15893
1025,2023,36949,21885,15064
1025,2024,36842,21950,14892
1026,2023,29296,20477,8819
1026,2024,28608,20116,8492
1027,2023,17758,0,17758
1027,2024,17511,0,17511
1028,2023,27375,12982,14393
1028,2024,27111,12860,14251
1029,2023,13014,0,13014
1029,2024,12813,0,12813
1030,2023,28467,13266,15201
1030,2024,28193,13183,15010
1031,2023,31911,14922,16989
1031,2024,31431,14759,16672
1032,2023,19675,8894,10781
1032,2024,19463,8860,10603
1033,2023,20105,5916,14189
1033,2024,20005,6037,13968
1034,2023,15994,0,15994
1034,2024,15780,0,15780
1035,2023,38309,14700,23609
1035,2024,37911,14558,23353
1036,2023,14298,5891,8407
1036,2024,14070,5802,8268
1037,2023,33712,11017,22695
1037,2024,33189,10790,22399
1038,2023,22132,8527,13605
1038,2024,21811,8488,13323
1039,2023,61206,30472,30734
1039,2024,61526,30712,30814
1040,2023,16794,0,16794
1040,2024,16630,0,16630
1041,2023,32730,18414,14316
1041,2024,33010,18824,14186
1044,2023,13146,3442,9704
1044,2024,12986,3389,9597
1047,2023,19014,11646,7368
1047,2024,18827,11719,7108
1048,2023,9641,0,9641
1048,2024,9515,0,9515
1049,2023,13492,8183,5309
1049,2024,13265,8062,5203
1051,2023,49825,34527,15298
1051,2024,49167,34055,15112
1052,2023,12561,0,12561
1052,2024,12428,0,12428
1053,2023,13814,6015,7799
1053,2024,13654,5990,7664
1054,2023,52745,0,52745
1054,2024,52112,0,52112
1055,2023,22200,10292,11908
1055,2024,21919,10195,11724
1056,2023,32078,19849,12229
1056,2024,31660,19587,12073
1057,2023,16512,13467,3045
1057,2024,16433,13429,3004
1058,2023,14088,7069,7019
1058,2024,14038,7071,6967
1059,2023,14475,0,14475
1059,2024,14278,0,14278
1060,2023,4918,0,4918
1060,2024,4834,0,4834
1061,2023,18845,7607,11238
1061,2024,18641,7562,11079
1062,2023,8521,0,8521
1062,2024,8427,0,8427
1063,2023,45129,38320,6809
1063,2024,44621,37919,6702
1064,2023,8049,0,8049
1064,2024,8005,0,8005
1065,2023,10460,0,10460
1065,2024,10381,0,10381
1066,2023,22064,8647,13417
1066,2024,21923,8637,13286
1067,2023,7373,0,7373
1067,2024,7282,0,7282
1068,2023,15333,7653,7680
1068,2024,15130,7552,7578
1069,2023,12976,8361,4615
1069,2024,12814,8305,4509
1070,2023,11110,8283,2827
1070,2024,10919,8159,2760
1071,2023,39222,0,39222
1071,2024,39202,0,39202
1072,2023,29037,16048,12989
1072,2024,28758,15938,12820
1107,2023,360687,360687,0
1107,2024,358437,358437,0
1108,2023,30010,30010,0
1108,2024,29623,29623,0
1109,2023,75823,75823,0
1109,2024,74804,74804,0
1110,2023,30592,30592,0
1110,2024,30181,30181,0
1111,2023,30763,30763,0
1111,2024,30506,30506,0
1112,2023,53910,53910,0
1112,2024,53312,53312,0
1113,2023,15953,10338,5615
1113,2024,15732,10195,5537
1115,2023,12202,7102,5100
1115,2024,11865,6947,4918
1116,2023,12422,8532,3890
1116,2024,12153,8376,3777
1117,2023,40427,0,40427
1117,2024,40478,0,40478
1118,2023,7306,3182,4124
1118,2024,7336,3262,4074
1119,2023,17748,7923,9825
1119,2024,17408,7780,9628
1120,2023,19486,8374,11112
1120,2024,19537,8411,11126
1121,2023,15124,7153,7971
1121,2024,14905,7034,7871
1122,2023,7523,2521,5002
1122,2024,7399,2479,4920
1123,2023,8663,4522,4141
1123,2024,8518,4450,4068
1124,2023,4854,3019,1835
1124,2024,4744,2952,1792
1125,2023,21783,15984,5799
1125,2024,21589,15873,5716
1126,2023,10712,6654,4058
1126,2024,10538,6583,3955
1127,2023,30074,23773,6301
1127,2024,29807,23603,6204
1128,2023,9969,4620,5349
1128,2024,9719,4507,5212
1129,2023,10198,1927,8271
1129,2024,9988,1896,8092
1130,2023,33904,29131,4773
1130,2024,33630,28926,4704
1131,2023,19596,2334,17262
1131,2024,19184,2284,16900
1132,2023,19284,12667,6617
1132,2024,19100,12544,6556
1133,2023,11727,7600,4127
1133,2024,11464,7403,4061
1135,2023,230058,218386,11672
1135,2024,229085,217365,11720
1136,2023,221244,221244,0
1136,2024,220097,220097,0
1137,2023,30181,30181,0
1137,2024,29877,29877,0
1138,2023,35593,35593,0
1138,2024,35724,35724,0
1139,2023,37847,37847,0
1139,2024,37583,37583,0
1140,2023,73507,73507,0
1140,2024,72594,72594,0
1141,2023,78445,78445,0
1141,2024,77762,77762,0
1142,2023,53415,53415,0
1142,2024,53160,53160,0
1143,2023,15333,15333,0
1143,2024,15270,15270,0
1144,2023,8643,0,8643
1144,2024,8577,0,8577
1146,2023,47876,21414,26462
1146,2024,47236,21269,25967
1147,2023,8975,5507,3468
1147,2024,9747,5457,4290
1148,2023,26414,13526,12888
1148,2024,26236,13546,12690
1151,2023,15129,9703,5426
1151,2024,14910,9541,5369
1152,2023,3025,0,3025
1152,2024,3016,0,3016
1153,2023,15159,6360,8799
1153,2024,15044,6321,8723
1154,2023,15876,12624,3252
1154,2024,15936,12512,3424
1155,2023,27222,9795,17427
1155,2024,26931,9820,17111
1157,2023,42534,36318,6216
1157,2024,41873,35903,5970
1158,2023,52307,38862,13445
1158,2024,51698,38478,13220
1160,2023,38631,34257,4374
1160,2024,38424,34068,4356
1161,2023,70728,55125,15603
1161,2024,69773,54529,15244
1164,2023,13031,5788,7243
1164,2024,12734,5695,7039
1165,2023,42502,38321,4181
1165,2024,41633,37577,4056
1166,2023,13343,0,13343
1166,2024,13291,0,13291
1170,2023,22197,0,22197
1170,2024,22320,0,22320
1171,2023,11607,0,11607
1171,2024,11534,0,11534
1172,2023,25072,0,25072
1172,2024,25159,0,25159
1173,2023,15036,0,15036
1173,2024,14902,0,14902
1174,2023,20829,0,20829
1174,2024,20704,0,20704
1175,2023,29498,0,29498
1175,2024,29626,0,29626
1176,2023,489735,489735,0
1176,2024,489584,489584,0
1178,2023,8508,8295,213
1178,2024,8458,8245,213
1179,2023,12873,12873,0
1179,2024,12928,12928,0
1180,2023,27592,21054,6538
1180,2024,27486,20943,6543
1181,2023,38614,38614,0
1181,2024,38474,38474,0
1184,2023,29090,28479,611
1184,2024,29289,28671,618
1185,2023,29256,13962,15294
1185,2024,28931,13877,15054
1186,2023,107412,27751,79661
1186,2024,110395,28564,81831
1187,2023,37533,28820,8713
1187,2024,37472,28847,8625
1188,2023,39203,17133,22070
1188,2024,39588,17164,22424
1189,2023,11016,3374,7642
1189,2024,10823,3306,7517
1190,2023,20746,16771,3975
1190,2024,21165,17124,4041
1191,2023,15439,9216,6223
1191,2024,15267,9122,6145
1192,2023,11791,3342,8449
1192,2024,11632,3320,8312
1193,2023,12673,4321,8352
1193,2024,12553,4319,8234
1194,2023,17147,6954,10193
1194,2024,17007,6934,10073
1195,2023,18197,3934,14263
1195,2024,18045,3899,14146
1196,2023,15765,4013,11752
1196,2024,15573,3981,11592
1197,2023,45874,35705,10169
1197,2024,45312,35284,10028
1198,2023,355488,333954,21534
1198,2024,351103,329673,21430
1224,2023,549362,549362,0
1224,2024,544600,544600,0
1225,2023,70178,68689,1489
1225,2024,69293,67844,1449
1226,2023,120094,118432,1662
1226,2024,119175,117533,1642
1227,2023,45941,43816,2125
1227,2024,45757,43649,2108
1228,2023,29370,21334,8036
1228,2024,29026,21047,7979
1229,2023,86185,81887,4298
1229,2024,85300,81055,4245
1230,2023,91711,90412,1299
1230,2024,90570,89284,1286
1231,2023,96559,95408,1151
1231,2024,96216,95080,1136
1232,2023,41743,39709,2034
1232,2024,41229,39218,2011
1233,2023,533565,533565,0
1233,2024,531186,531186,0
1234,2023,44002,39549,4453
1234,2024,43655,39223,4432
1235,2023,28061,25502,2559
1235,2024,27901,25378,2523
1236,2023,174859,174859,0
1236,2024,172618,172618,0
1237,2023,23240,22092,1148
1237,2024,23065,21938,1127
1238,2023,78494,78494,0
1238,2024,78009,78009,0
1240,2023,25274,0,25274
1240,2024,24823,0,24823
1241,2023,36708,28740,7968
1241,2024,36402,28535,7867
1242,2023,9939,4718,5221
1242,2024,9689,4606,5083
1243,2023,45809,0,45809
1243,2024,45263,0,45263
1244,2023,21743,11978,9765
1244,2024,21713,12017,9696
1246,2023,50952,40386,10566
1246,2024,50597,40266,10331
1249,2023,45666,19374,26292
1249,2024,45477,19278,26199
1250,2023,49596,44815,4781
1250,2024,48876,44184,4692
1251,2023,18309,11714,6595
1251,2024,17957,11507,6450
1252,2023,40738,26861,13877
1252,2024,40525,26877,13648
1253,2023,18850,12087,6763
1253,2024,18381,11827,6554
1254,2023,13270,5224,8046
1254,2024,12997,5143,7854
1256,2023,15662,9154,6508
1256,2024,15502,9092,6410
1257,2023,26287,12776,13511
1257,2024,26089,12744,13345
1258,2023,496941,471754,25187
1258,2024,500457,475464,24993
1259,2023,29227,29227,0
1259,2024,28922,28922,0
1260,2023,65262,65262,0
1260,2024,64571,64571,0
1261,2023,19631,19631,0
1261,2024,19454,19454,0
1262,2023,28908,28603,305
1262,2024,28479,28174,305
1264,2023,4416,2507,1909
1264,2024,4257,2434,1823
1265,2023,10804,3381,7423
1265,2024,10517,3332,7185
1266,2023,15331,9527,5804
1266,2024,15062,9368,5694
1267,2023,3274,2192,1082
1267,2024,3151,2123,1028
1268,2023,20073,16666,3407
1268,2024,19600,16367,3233
1269,2023,6931,3494,3437
1269,2024,6778,3452,3326
1270,2023,22790,13354,9436
1270,2024,22503,13174,9329
1271,2023,8318,6012,2306
1271,2024,8117,5937,2180
1272,2023,16810,9538,7272
1272,2024,16435,9404,7031
1273,2023,6535,4045,2490
1273,2024,6384,3978,2406
1274,2023,9726,5272,4454
1274,2024,9573,5233,4340
1275,2023,19871,0,19871
1275,2024,19898,0,19898
1276,2023,10408,0,10408
1276,2024,9945,0,9945
1277,2023,14363,5860,8503
1277,2024,14038,5729,8309
1278,2023,5450,2721,2729
1278,2024,5283,2710,2573
1279,2023,12773,11122,1651
1279,2024,12427,10889,1538
1280,2023,20133,6809,13324
1280,2024,19801,6736,13065
1281,2023,9036,5544,3492
1281,2024,8746,5339,3407
1282,2023,6480,4031,2449
1282,2024,6225,3963,2262
1284,2023,15594,9433,6161
1284,2024,15213,9301,5912
1285,2023,33878,28450,5428
1285,2024,33193,27970,5223
1286,2023,6864,3775,3089
1286,2024,6571,3681,2890
1287,2023,24751,15467,9284
1287,2024,24539,15399,9140
1288,2023,9442,5436,4006
1288,2024,9136,5301,3835
1289,2023,8143,3572,4571
1289,2024,7903,3533,4370
1290,2023,11490,8938,2552
1290,2024,11195,8770,2425
1291,2023,7035,3842,3193
1291,2024,6900,3778,3122
1292,2023,5890,3771,2119
1292,2024,5744,3707,2037
1293,2023,31977,8854,23123
1293,2024,32057,8760,23297
1294,2023,21799,14495,7304
1294,2024,21424,14389,7035
1295,2023,5002,1941,3061
1295,2024,4826,1884,2942
1296,2023,5621,3906,1715
1296,2024,5475,3853,1622
1298,2023,19810,8336,11474
1298,2024,19396,8245,11151
1299,2023,7380,4127,3253
1299,2024,7168,4043,3125
1300,2023,7388,4010,3378
1300,2024,7140,3920,3220
1301,2023,16154,10993,5161
1301,2024,15836,10781,5055
1302,2023,19684,13944,5740
1302,2024,19268,13724,5544
1303,2023,265965,265965,0
1303,2024,265761,265761,0
1304,2023,20211,20211,0
1304,2024,19938,19938,0
1305,2023,14079,14063,16
1305,2024,14030,14014,16
1306,2023,12600,12600,0
1306,2024,12488,12488,0
1308,2023,30369,29632,737
1308,2024,30008,29282,726
1309,2023,5105,0,5105
1309,2024,4987,0,4987
1310,2023,8754,3964,4790
1310,2024,8634,3966,4668
1311,2023,6698,0,6698
1311,2024,6543,0,6543
1312,2023,6412,0,6412
1312,2024,6258,0,6258
1313,2023,5895,3016,2879
1313,2024,5744,2971,2773
1314,2023,4100,2324,1776
1314,2024,3925,2359,1566
1315,2023,41653,0,41653
1315,2024,40577,0,40577
1316,2023,16115,6990,9125
1316,2024,16012,6967,9045
1317,2023,10096,5450,4646
1317,2024,9933,5408,4525
1319,2023,2809,0,2809
1319,2024,2703,0,2703
1320,2023,10065,7642,2423
1320,2024,9904,7544,2360
1321,2023,28471,19435,9036
1321,2024,27921,19141,8780
1322,2023,3343,0,3343
1322,2024,3257,0,3257
1323,2023,8904,0,8904
1323,2024,8787,0,8787
1324,2023,3003,0,3003
1324,2024,2935,0,2935
1325,2023,4385,0,4385
1325,2024,4283,0,4283
1326,2023,4760,2952,1808
1326,2024,4593,2873,1720
1327,2023,3350,0,3350
1327,2024,3269,0,3269
1328,2023,7721,5459,2262
1328,2024,7528,5401,2127
1329,2023,10893,4138,6755
1329,2024,10748,4100,6648
1330,2023,5670,3013,2657
1330,2024,5566,2958,2608
1331,2023,7779,4147,3632
1331,2024,7653,4111,3542
1333,2023,305505,305505,0
1333,2024,302354,302354,0
1334,2023,68102,68102,0
1334,2024,67884,67884,0
1335,2023,7642,0,7642
1335,2024,7380,0,7380
1336,2023,12856,0,12856
1336,2024,12696,0,12696
1339,2023,6675,0,6675
1339,2024,6573,0,6573
1340,2023,25638,11539,14099
1340,2024,25283,11433,13850
1343,2023,24519,14788,9731
1343,2024,24231,14729,9502
1344,2023,11131,5337,5794
1344,2024,10941,5361,5580
1345,2023,12243,6719,5524
1345,2024,11993,6701,5292
1346,2023,12737,6515,6222
1346,2024,12441,6471,5970
1347,2023,9164,0,9164
1347,2024,8983,0,8983
1348,2023,13881,8457,5424
1348,2024,13666,8342,5324
1349,2023,7907,0,7907
1349,2024,7740,0,7740
1351,2023,10481,0,10481
1351,2024,10385,0,10385
1352,2023,12006,0,12006
1352,2024,11754,0,11754
1353,2023,4662,0,4662
1353,2024,4540,0,4540
1355,2023,13903,0,13903
1355,2024,13663,0,13663
1356,2023,23733,16185,7548
1356,2024,23519,16121,7398
1357,2023,16168,8026,8142
1357,2024,15866,7924,7942
1358,2023,15832,6396,9436
1358,2024,15694,6433,9261
1392,2023,50977,39276,11701
1392,2024,50855,39107,11748
1393,2023,50211,11647,38564
1393,2024,50257,11433,38824
1394,2023,79417,57611,21806
1394,2024,78679,56969,21710
1395,2023,554288,393779,160509
1395,2024,571142,418360,152782
1396,2023,195374,126288,69086
1396,2024,194689,125504,69185
1397,2023,261898,154964,106934
1397,2024,261522,153872,107650
1398,2023,83838,58684,25154
1398,2024,83361,58359,25002
1399,2023,59877,52891,6986
1399,2024,58942,52107,6835
1400,2023,108460,96918,11542
1400,2024,108186,96588,11598
1401,2023,27548,19599,7949
1401,2024,27168,19348,7820
1402,2023,85329,19730,65599
1402,2024,90576,20952,69624
1403,2023,75307,40391,34916
1403,2024,74392,39827,34565
1404,2023,25508,22836,2672
1404,2024,25067,22451,2616
1405,2023,57047,22440,34607
1405,2024,56730,22100,34630
1406,2023,45192,34113,11079
1406,2024,44406,33514,10892
1407,2023,66266,54286,11980
1407,2024,65782,53932,11850
1408,2023,133109,87678,45431
1408,2024,130546,85648,44898
1410,2023,490428,490428,0
1410,2024,485260,485260,0
1411,2023,96918,96918,0
1411,2024,94902,94902,0
1412,2023,12561,0,12561
1412,2024,12286,0,12286
1413,2023,77162,43799,33363
1413,2024,77383,43771,33612
1414,2023,31727,18594,13133
1414,2024,31514,18534,12980
1415,2023,32556,0,32556
1415,2024,32283,0,32283
1416,2023,26851,0,26851
1416,2024,26993,0,26993
1417,2023,16041,0,16041
1417,2024,15713,0,15713
1419,2023,33711,9647,24064
1419,2024,33205,9474,23731
1420,2023,14930,0,14930
1420,2024,14799,0,14799
1421,2023,13303,0,13303
1421,2024,13181,0,13181
1422,2023,39264,19173,20091
1422,2024,38865,19020,19845
1423,2023,16391,0,16391
1423,2024,16181,0,16181
1425,2023,16432,0,16432
1425,2024,16521,0,16521
1426,2023,20572,0,20572
1426,2024,20466,0,20466
1427,2023,49307,19177,30130
1427,2024,49178,19171,30007
1428,2023,18518,0,18518
1428,2024,18262,0,18262
1429,2023,30120,11627,18493
1429,2024,29850,11526,18324
1430,2023,95408,95408,0
1430,2024,94768,94768,0
1431,2023,8502,5643,2859
1431,2024,8658,5704,2954
1438,2023,6077,6068,9
1438,2024,5934,5925,9
1439,2023,549846,526851,22995
1439,2024,554248,530311,23937
1440,2023,21294,21294,0
1440,2024,20981,20981,0
1443,2023,57700,57700,0
1443,2024,57434,57434,0
1444,2023,119957,119957,0
1444,2024,119089,119089,0
1445,2023,222807,155421,67386
1445,2024,226573,156681,69892
1446,2023,74193,74193,0
1446,2024,74032,74032,0
1447,2023,111398,74108,37290
1447,2024,111759,73951,37808
1448,2023,110507,110507,0
1448,2024,110083,110083,0
1449,2023,36534,20419,16115
1449,2024,36618,20383,16235
1453,2023,172848,72250,100598
1453,2024,171213,70812,100401
1454,2023,66371,45231,21140
1454,2024,65747,44551,21196
1456,2023,226936,226936,0
1456,2024,226007,226007,0
1457,2023,68758,68758,0
1457,2024,72311,72311,0
1459,2023,324754,242440,82314
1459,2024,335991,248575,87416
1461,2023,81968,81968,0
1461,2024,81143,81143,0
1463,2023,60722,35810,24912
1463,2024,61079,35776,25303
1464,2023,66079,66079,0
1464,2024,66526,66526,0
1465,2023,356489,339098,17391
1465,2024,364888,346198,18690
1467,2023,299964,266436,33528
1467,2024,309564,275313,34251
1468,2023,194589,155111,39478
1468,2024,198501,157858,40643
1472,2023,350268,312400,37868
1472,2024,350634,312911,37723
1473,2023,36985,36985,0
1473,2024,37221,37221,0
1474,2023,19392,19392,0
1474,2024,19342,19342,0
1475,2023,113140,113140,0
1475,2024,112070,112070,0
1477,2023,79513,38616,40897
1477,2024,79874,38384,41490
1478,2023,23475,8883,14592
1478,2024,23278,8736,14542
1480,2023,118268,80466,37802
1480,2024,118129,80082,38047
1481,2023,59622,59606,16
1481,2024,58677,58661,16
1483,2023,21789,19027,2762
1483,2024,21254,18472,2782
1484,2023,146908,92360,54548
1484,2024,146643,91414,55229
1486,2023,29700,12722,16978
1486,2024,29743,12729,17014
1488,2023,152190,143182,9008
1488,2024,150729,141778,8951
1489,2023,65122,29321,35801
1489,2024,64721,28886,35835
1490,2023,160613,122051,38562
1490,2024,160755,121950,38805
1491,2023,164318,99070,65248
1491,2024,163081,97516,65565
1492,2023,148369,106194,42175
1492,2024,148545,106020,42525
1493,2023,309204,185810,123394
1493,2024,327211,195025,132186
1494,2023,21919,6187,15732
1494,2024,21886,6160,15726
1495,2023,92519,37249,55270
1495,2024,92529,36699,55830
1496,2023,218485,167896,50589
1496,2024,220062,168622,51440
1500,2023,334391,176589,157802
1500,2024,338109,176885,161224
1501,2023,209616,161998,47618
1501,2024,207827,160527,47300
1504,2023,64223,46220,18003
1504,2024,64165,46051,18114
1506,2023,267422,267422,0
1506,2024,266681,266681,0
1512,2023,16762,15423,1339
1512,2024,16803,15489,1314
1518,2023,39935,32066,7869
1518,2024,39330,31508,7822
1519,2023,33510,26289,7221
1519,2024,33201,25940,7261
1520,2023,8695,6321,2374
1520,2024,8770,6443,2327
1521,2023,30591,25771,4820
1521,2024,29632,24977,4655
1522,2023,4619,4031,588
1522,2024,4698,4063,635
1523,2023,1237128,1215521,21607
1523,2024,1228702,1206968,21734
1525,2023,117831,77582,40249
1525,2024,117552,77320,40232
1526,2023,72979,59802,13177
1526,2024,72393,59209,13184
1527,2023,226691,219771,6920
1527,2024,225251,218417,6834
1528,2023,45413,36149,9264
1528,2024,45056,35848,9208
1529,2023,20982,14372,6610
1529,2024,20671,14180,6491
1530,2023,16141,8860,7281
1530,2024,16026,8784,7242
1532,2023,45539,29473,16066
1532,2024,45405,29273,16132
1533,2023,29014,23624,5390
1533,2024,28511,23264,5247
1534,2023,17309,14289,3020
1534,2024,17117,14168,2949
1535,2023,10897,5892,5005
1535,2024,10807,5895,4912
1536,2023,19249,11365,7884
1536,2024,19063,11267,7796
1537,2023,22414,13270,9144
1537,2024,22161,13175,8986
1539,2023,72780,67126,5654
1539,2024,72219,66622,5597
1540,2023,58362,34372,23990
1540,2024,57639,33957,23682
1541,2023,10295,0,10295
1541,2024,10172,0,10172
1542,2023,10307,5513,4794
1542,2024,10258,5488,4770
1543,2023,12996,6835,6161
1543,2024,12910,6794,6116
1544,2023,13408,0,13408
1544,2024,13290,0,13290
1545,2023,9755,3178,6577
1545,2024,9653,3172,6481
1546,2023,16832,5148,11684
1546,2024,16730,5132,11598
1547,2023,12663,9225,3438
1547,2024,12521,9159,3362
1548,2023,14537,5991,8546
1548,2024,14309,5922,8387
1549,2023,47967,29840,18127
1549,2024,47925,29692,18233
1550,2023,13643,6397,7246
1550,2024,13399,6344,7055
1551,2023,16216,5450,10766
1551,2024,16072,5447,10625
1552,2023,9817,0,9817
1552,2024,9681,0,9681
1553,2023,80699,66130,14569
1553,2024,80149,65763,14386
1554,2023,20408,4787,15621
1554,2024,20224,4758,15466
1555,2023,15033,0,15033
1555,2024,14998,0,14998
1556,2023,10869,6430,4439
1556,2024,10775,6409,4366
1557,2023,17245,6950,10295
1557,2024,17091,6896,10195
1558,2023,18758,11822,6936
1558,2024,18535,11722,6813
1559,2023,8726,0,8726
1559,2024,8617,0,8617
1560,2023,122131,62208,59923
1560,2024,121424,61602,59822
1561,2023,26082,14583,11499
1561,2024,25751,14447,11304
1562,2023,34467,21412,13055
1562,2024,34099,21274,12825
1563,2023,92555,75312,17243
1563,2024,91822,74716,17106
1564,2023,18304,6468,11836
1564,2024,18104,6489,11615
1565,2023,25730,0,25730
1565,2024,25420,0,25420
1566,2023,27151,19939,7212
1566,2024,26797,19724,7073
1567,2023,13644,0,13644
1567,2024,13501,0,13501
1568,2023,16339,8414,7925
1568,2024,16175,8395,7780
1569,2023,9479,0,9479
1569,2024,9400,0,9400
1570,2023,7107,4426,2681
1570,2024,7029,4419,2610
1571,2023,14521,8709,5812
1571,2024,14347,8654,5693
1572,2023,28080,17096,10984
1572,2024,27897,16985,10912
1573,2023,11401,6667,4734
1573,2024,11304,6714,4590
1574,2023,22759,9636,13123
1574,2024,22629,9641,12988
1575,2023,223191,223191,0
1575,2024,222340,222340,0
1577,2023,60848,47353,13495
1577,2024,60283,46918,13365
1578,2023,21976,13887,8089
1578,2024,21712,13744,7968
1579,2023,4116,0,4116
1579,2024,4071,0,4071
1580,2023,9662,4392,5270
1580,2024,9515,4361,5154
1581,2023,11386,7956,3430
1581,2024,11189,7890,3299
1582,2023,7179,4090,3089
1582,2024,7088,4078,3010
1583,2023,13275,9805,3470
1583,2024,13111,9677,3434
1584,2023,3260,0,3260
1584,2024,3202,0,3202
1585,2023,5682,0,5682
1585,2024,5580,0,5580
1586,2023,64063,14790,49273
1586,2024,64120,14764,49356
1587,2023,18528,13761,4767
1587,2024,18071,13441,4630
1588,2023,11684,6304,5380
1588,2024,11516,6228,5288
1589,2023,18377,13731,4646
1589,2024,18158,13616,4542
1590,2023,3266,0,3266
1590,2024,3220,0,3220
1592,2023,37988,27183,10805
1592,2024,37508,26928,10580
1593,2023,13321,6006,7315
1593,2024,13129,5963,7166
1594,2023,4724,3137,1587
1594,2024,4643,3083,1560
1595,2023,18546,14023,4523
1595,2024,18345,13875,4470
1596,2023,9125,3343,5782
1596,2024,9113,3374,5739
1597,2023,1635338,1635338,0
1597,2024,1633851,1633851,0
1598,2023,102965,102965,0
1598,2024,102760,102760,0
1599,2023,56781,56781,0
1599,2024,56654,56654,0
1600,2023,30762,30686,76
1600,2024,31050,30973,77
1601,2023,20873,20873,0
1601,2024,20883,20883,0
1602,2023,14189,0,14189
1602,2024,13948,0,13948
1603,2023,38921,27534,11387
1603,2024,38628,27456,11172
1604,2023,25450,15460,9990
1604,2024,25205,15417,9788
1605,2023,14978,0,14978
1605,2024,14721,0,14721
1606,2023,12894,0,12894
1606,2024,12663,0,12663
1607,2023,11954,0,11954
1607,2024,11725,0,11725
1608,2023,58772,17731,41041
1608,2024,58382,17610,40772
1609,2023,38488,24753,13735
1609,2024,38279,24733,13546
1610,2023,14171,8273,5898
1610,2024,14001,8216,5785
1611,2023,24523,12462,12061
1611,2024,24293,12423,11870
1612,2023,45134,22302,22832
1612,2024,45219,22337,22882
1613,2023,11625,0,11625
1613,2024,11493,0,11493
1614,2023,27773,8940,18833
1614,2024,27453,8913,18540
1615,2023,54201,41754,12447
1615,2024,53654,41494,12160
1616,2023,25707,14985,10722
1616,2024,25382,14919,10463
1617,2023,9149,0,9149
1617,2024,8984,0,8984
1618,2023,23583,13143,10440
1618,2024,23528,13146,10382
1619,2023,40629,13677,26952
1619,2024,40479,13599,26880
1620,2023,166514,29463,137051
1620,2024,170131,29929,140202
1621,2023,33811,9447,24364
1621,2024,33623,9446,24177
1622,2023,7477,0,7477
1622,2024,7319,0,7319
1623,2023,31331,15385,15946
1623,2024,31042,15403,15639
1624,2023,36987,23588,13399
1624,2024,36645,23444,13201
1625,2023,53998,29292,24706
1625,2024,53463,29105,24358
1626,2023,11475,0,11475
1626,2024,11277,0,11277
1627,2023,10803,0,10803
1627,2024,10681,0,10681
1628,2023,20576,7946,12630
1628,2024,20323,7895,12428
1629,2023,49264,28738,20526
1629,2024,49025,28634,20391
1630,2023,13966,5332,8634
1630,2024,13809,5317,8492
1631,2023,19204,10929,8275
1631,2024,18959,10885,8074
1632,2023,1110836,1110836,0
1632,2024,1104485,1104485,0
1633,2023,25205,0,25205
1633,2024,25339,0,25339
1634,2023,21790,9723,12067
1634,2024,21499,9754,11745
1635,2023,5942,0,5942
1635,2024,5838,0,5838
1636,2023,18361,4784,13577
1636,2024,18069,4767,13302
1637,2023,9906,0,9906
1637,2024,9777,0,9777
1638,2023,35753,20050,15703
1638,2024,35262,19737,15525
1639,2023,36093,20825,15268
1639,2024,35486,20509,14977
1640,2023,8999,0,8999
1640,2024,8763,0,8763
1641,2023,23330,9088,14242
1641,2024,23179,9098,14081
1642,2023,12896,6647,6249
1642,2024,12735,6682,6053
1643,2023,38401,16326,22075
1643,2024,38168,16377,21791
1644,2023,25346,8575,16771
1644,2024,25313,8613,16700
1645,2023,26599,8974,17625
1645,2024,26392,9016,17376
1646,2023,17328,9163,8165
1646,2024,16992,9106,7886
1647,2023,18133,10236,7897
1647,2024,17786,10241,7545
1648,2023,12382,0,12382
1648,2024,12230,0,12230
1649,2023,20645,8834,11811
1649,2024,20369,8764,11605
1650,2023,16029,0,16029
1650,2024,15856,0,15856
1651,2023,11914,4673,7241
1651,2024,11776,4660,7116
1652,2023,100896,1516,99380
1652,2024,100576,1495,99081
1653,2023,17572,7188,10384
1653,2024,17473,7264,10209
1654,2023,18394,6290,12104
1654,2024,18147,6257,11890
1655,2023,15831,6042,9789
1655,2024,15619,6037,9582
1656,2023,16047,7535,8512
1656,2024,15815,7540,8275
1657,2023,8285,0,8285
1657,2024,8137,0,8137
1658,2023,33534,11712,21822
1658,2024,33312,11614,21698
1659,2023,40239,27146,13093
1659,2024,39838,27139,12699
1660,2023,12174,6789,5385
1660,2024,11958,6735,5223
1661,2023,19472,9732,9740
1661,2024,19114,9670,9444
1662,2023,9400,0,9400
1662,2024,9157,0,9157
1663,2023,25357,10024,15333
1663,2024,24866,9818,15048
1664,2023,18975,6454,12521
1664,2024,18767,6471,12296
1665,2023,552831,539236,13595
1665,2024,550344,536862,13482
1666,2023,23702,16987,6715
1666,2024,23381,16868,6513
1667,2023,43072,42747,325
1667,2024,42519,42205,314
1668,2023,88419,88419,0
1668,2024,88339,88339,0
1669,2023,39585,32637,6948
1669,2024,39040,32363,6677
1670,2023,40777,26439,14338
1670,2024,40357,26398,13959
1671,2023,24531,23364,1167
1671,2024,24149,23013,1136
1672,2023,79946,74959,4987
1672,2024,79410,74469,4941
1673,2023,190980,188135,2845
1673,2024,190318,187517,2801
1674,2023,45870,25754,20116
1674,2024,45181,25416,19765
1675,2023,40343,28185,12158
1675,2024,39845,27874,11971
1676,2023,17951,15363,2588
1676,2024,17793,15394,2399
1678,2023,19557,0,19557
1678,2024,18976,0,18976
1679,2023,19217,0,19217
1679,2024,19016,0,19016
1680,2023,12956,0,12956
1680,2024,12753,0,12753
1681,2023,16050,0,16050
1681,2024,15753,0,15753
1682,2023,13393,0,13393
1682,2024,13156,0,13156
1683,2023,16658,0,16658
1683,2024,16252,0,16252
1685,2023,10778,0,10778
1685,2024,10558,0,10558
1686,2023,11377,0,11377
1686,2024,11105,0,11105
1687,2023,25508,0,25508
1687,2024,25229,0,25229
1688,2023,14901,0,14901
1688,2024,14438,0,14438
1689,2023,17170,0,17170
1689,2024,16960,0,16960
1690,2023,14428,0,14428
1690,2024,14152,0,14152
1691,2023,9034,0,9034
1691,2024,8826,0,8826
1692,2023,23850,0,23850
1692,2024,23447,0,23447
1693,2023,29332,0,29332
1693,2024,28827,0,28827
1694,2023,17286,0,17286
1694,2024,17079,0,17079
1696,2023,21087,0,21087
1696,2024,20575,0,20575
1697,2023,20555,0,20555
1697,2024,20288,0,20288
1698,2023,13036,0,13036
1698,2024,12885,0,12885
1699,2023,29265,0,29265
1699,2024,29252,0,29252
1700,2023,40080,0,40080
1700,2024,39786,0,39786
1701,2023,9948,0,9948
1701,2024,9689,0,9689
1702,2023,10948,0,10948
1702,2024,10754,0,10754
1703,2023,20103,0,20103
1703,2024,19856,0,19856
1704,2023,31220,0,31220
1704,2024,30816,0,30816
1705,2023,17316,0,17316
1705,2024,17089,0,17089
1706,2023,14948,0,14948
1706,2024,14855,0,14855
1707,2023,296633,296633,0
1707,2024,292406,292406,0
1708,2023,42928,42928,0
1708,2024,42694,42694,0
1709,2023,36070,36070,0
1709,2024,35554,35554,0
1710,2023,15224,9359,5865
1710,2024,14977,9215,5762
1711,2023,14730,7053,7677
1711,2024,14493,6981,7512
1712,2023,10245,4692,5553
1712,2024,10168,4606,5562
1714,2023,8684,3508,5176
1714,2024,8587,3478,5109
1715,2023,11725,4374,7351
1715,2024,11724,4392,7332
1717,2023,12459,5296,7163
1717,2024,12286,5243,7043
1718,2023,5146,0,5146
1718,2024,5084,0,5084
1719,2023,20502,7017,13485
1719,2024,20537,6989,13548
1722,2023,9363,3512,5851
1722,2024,9312,3498,5814
1724,2023,9076,3874,5202
1724,2024,9028,3842,5186
1725,2023,6700,2938,3762
1725,2024,6534,2867,3667
1726,2023,70123,9711,60412
1726,2024,69588,9597,59991
1727,2023,11950,3751,8199
1727,2024,11873,3765,8108
1728,2023,13382,4919,8463
1728,2024,13337,4929,8408
1730,2023,7739,0,7739
1730,2024,7678,0,7678
1731,2023,17312,9336,7976
1731,2024,17284,9350,7934
1732,2023,7911,3514,4397
1732,2024,7819,3477,4342
1733,2023,5916,2804,3112
1733,2024,5835,2764,3071
1737,2023,19237,9372,9865
1737,2024,19102,9367,9735
1738,2023,13678,5973,7705
1738,2024,13474,5936,7538
1739,2023,24016,8519,15497
1739,2024,23699,8481,15218
1740,2023,45314,0,45314
1740,2024,44901,0,44901
1741,2023,7239,0,7239
1741,2024,7153,0,7153
1742,2023,45423,20284,25139
1742,2024,45419,20383,25036
1743,2023,18759,9509,9250
1743,2024,18592,9471,9121
1744,2023,8420,4862,3558
1744,2024,8268,4819,3449
1745,2023,48988,33060,15928
1745,2024,48394,32821,15573
1746,2023,10012,0,10012
1746,2024,9895,0,9895
1747,2023,20763,7830,12933
1747,2024,20513,7801,12712
1749,2023,11418,0,11418
1749,2024,11327,0,11327
1750,2023,15887,7134,8753
1750,2024,15623,7058,8565
1751,2023,8054,0,8054
1751,2024,7959,0,7959
1752,2023,23972,10694,13278
1752,2024,23532,10518,13014
1753,2023,9855,0,9855
1753,2024,9756,0,9756
1754,2023,13276,0,13276
1754,2024,13081,0,13081
1755,2023,35895,20278,15617
1755,2024,35595,20130,15465
1756,2023,27852,21084,6768
1756,2024,27530,20897,6633
1757,2023,13098,6917,6181
1757,2024,12972,6877,6095
1758,2023,66046,2841,63205
1758,2024,66409,2816,63593
1759,2023,44853,29775,15078
1759,2024,44283,29472,14811
1760,2023,13770,5702,8068
1760,2024,13512,5620,7892
1761,2023,11004,6921,4083
1761,2024,10833,6864,3969
1762,2023,12852,6191,6661
1762,2024,12659,6133,6526
1764,2023,189315,189315,0
1764,2024,187129,187129,0
1765,2023,85989,85989,0
1765,2024,85442,85442,0
1845,2023,523203,523203,0
1845,2024,520509,520509,0
1846,2023,27821,27821,0
1846,2024,27537,27537,0
1848,2023,25708,24697,1011
1848,2024,25424,24394,1030
1849,2023,6511,3342,3169
1849,2024,6377,3298,3079
1850,2023,7831,0,7831
1850,2024,7676,0,7676
1851,2023,7386,5031,2355
1851,2024,7264,4949,2315
1852,2023,27244,6585,20659
1852,2024,26914,6532,20382
1853,2023,20955,9941,11014
1853,2024,20755,9883,10872
1854,2023,21903,10084,11819
1854,2024,21723,9965,11758
1855,2023,10730,5301,5429
1855,2024,10602,5295,5307
1856,2023,31518,15955,15563
1856,2024,31192,15781,15411
1857,2023,10529,3605,6924
1857,2024,10428,3544,6884
1858,2023,4629,1907,2722
1858,2024,4600,1901,2699
1859,2023,30144,21509,8635
1859,2024,29852,21330,8522
1861,2023,38973,21200,17773
1861,2024,38941,21268,17673
1862,2023,27032,20197,6835
1862,2024,26812,20021,6791
1863,2023,62396,0,62396
1863,2024,63439,0,63439
1864,2023,9059,2984,6075
1864,2024,8943,2973,5970
1865,2023,14601,4902,9699
1865,2024,14373,4835,9538
1868,2023,24474,5705,18769
1868,2024,24415,5608,18807
1869,2023,15692,4935,10757
1869,2024,15533,4887,10646
1870,2023,8264,3859,4405
1870,2024,8122,3788,4334
1871,2023,6742,2565,4177
1871,2024,6634,2539,4095
1872,2023,20503,5791,14712
1872,2024,20266,5770,14496
1873,2023,34695,21207,13488
1873,2024,34446,21158,13288
1874,2023,1163724,1163645,79
1874,2024,1159044,1158952,92
1875,2023,52957,49301,3656
1875,2024,52171,48564,3607
1876,2023,57729,57729,0
1876,2024,57721,57721,0
1877,2023,99247,97163,2084
1877,2024,98550,96489,2061
1878,2023,20190,20190,0
1878,2024,19887,19887,0
1879,2023,46755,46755,0
1879,2024,46480,46480,0
1880,2023,27913,26875,1038
1880,2024,27685,26658,1027
1881,2023,164066,163303,763
1881,2024,162372,161609,763
1883,2023,69177,69169,8
1883,2024,68824,68815,9
1884,2023,10649,0,10649
1884,2024,10499,0,10499
1885,2023,36495,22844,13651
1885,2024,35844,22462,13382
1886,2023,13077,0,13077
1886,2024,13052,0,13052
1887,2023,18041,0,18041
1887,2024,17856,0,17856
1888,2023,17336,0,17336
1888,2024,17085,0,17085
1889,2023,22484,0,22484
1889,2024,22166,0,22166
1890,2023,127070,45754,81316
1890,2024,130495,46833,83662
1891,2023,9309,0,9309
1891,2024,9128,0,9128
1892,2023,12390,0,12390
1892,2024,12310,0,12310
1893,2023,10541,0,10541
1893,2024,10431,0,10431
1894,2023,30535,0,30535
1894,2024,30309,0,30309
1895,2023,41008,0,41008
1895,2024,40596,0,40596
1896,2023,14206,0,14206
1896,2024,13967,0,13967
1897,2023,21056,0,21056
1897,2024,20672,0,20672
1898,2023,16013,0,16013
1898,2024,15788,0,15788
1899,2023,56520,25103,31417
1899,2024,56124,25012,31112
1900,2023,32051,17879,14172
1900,2024,31958,17854,14104
1901,2023,14590,0,14590
1901,2024,14513,0,14513
1902,2023,25962,0,25962
1902,2024,25635,0,25635
1903,2023,21741,0,21741
1903,2024,21590,0,21590
1904,2023,44027,13176,30851
1904,2024,43600,13083,30517
1905,2023,84781,0,84781
1905,2024,88162,0,88162
1906,2023,23643,5143,18500
1906,2024,23295,5019,18276
1907,2023,15910,0,15910
1907,2024,15789,0,15789
1908,2023,14672,0,14672
1908,2024,14451,0,14451
1909,2023,12745,0,12745
1909,2024,12565,0,12565
1910,2023,19443,0,19443
1910,2024,19272,0,19272
1912,2023,4958,4958,0
1912,2024,4872,4872,0
1915,2023,14481,0,14481
1915,2024,14280,0,14280
1916,2023,19480,10788,8692
1916,2024,19018,10624,8394
1917,2023,33991,21952,12039
1917,2024,33425,21675,11750
1918,2023,25590,10663,14927
1918,2024,24991,10512,14479
1919,2023,201570,182758,18812
1919,2024,200241,181724,18517
1920,2023,100539,76186,24353
1920,2024,99921,75839,24082
1921,2023,9964,0,9964
1921,2024,9850,0,9850
1922,2023,81103,61606,19497
1922,2024,80407,61046,19361
1923,2023,10951,0,10951
1923,2024,10854,0,10854
1924,2023,16058,7288,8770
1924,2024,15660,7227,8433
1925,2023,10078,4455,5623
1925,2024,9856,4412,5444
1926,2023,16522,5750,10772
1926,2024,16296,5705,10591
1927,2023,31635,17502,14133
1927,2024,30920,17208,13712
1928,2023,12481,0,12481
1928,2024,12313,0,12313
1929,2023,27229,14748,12481
1929,2024,26679,14632,12047
1930,2023,40824,23559,17265
1930,2024,40536,23479,17057
1931,2023,30757,13878,16879
1931,2024,30318,13641,16677
1932,2023,9070,4179,4891
1932,2024,8776,4077,4699
1933,2023,17441,6723,10718
1933,2024,17228,6683,10545
1934,2023,57899,28444,29455
1934,2024,57354,28429,28925
1935,2023,14983,5740,9243
1935,2024,14824,5716,9108
1936,2023,26669,15004,11665
1936,2024,26367,14937,11430
1937,2023,14637,7526,7111
1937,2024,14262,7371,6891
1938,2023,11193,0,11193
1938,2024,10960,0,10960
1939,2023,36538,25814,10724
1939,2024,36094,25564,10530
1940,2023,14646,0,14646
1940,2024,14503,0,14503
1941,2023,54901,39615,15286
1941,2024,54377,39412,14965
1942,2023,16490,4424,12066
1942,2024,16346,4457,11889
1943,2023,12252,5739,6513
1943,2024,12117,5695,6422
1944,2023,50716,37519,13197
1944,2024,50179,37120,13059
1945,2023,16177,6445,9732
1945,2024,15904,6373,9531
1947,2023,24242,17150,7092
1947,2024,23861,16909,6952
1948,2023,27921,7146,20775
1948,2024,27609,7046,20563
1949,2023,9644,5225,4419
1949,2024,9477,5164,4313
1950,2023,16781,5669,11112
1950,2024,16427,5583,10844
1951,2023,20954,11956,8998
1951,2024,20628,11852,8776
1952,2023,306051,256033,50018
1952,2024,304713,255161,49552
1954,2023,10043,8769,1274
1954,2024,9868,8679,1189
1955,2023,20946,9626,11320
1955,2024,20975,9686,11289
1956,2023,22155,11731,10424
1956,2024,22145,11840,10305
1957,2023,39913,33259,6654
1957,2024,39675,33123,6552
1958,2023,6916,2537,4379
1958,2024,6956,2541,4415
1959,2023,6939,5691,1248
1959,2024,6778,5564,1214
1960,2023,15122,10528,4594
1960,2024,15099,10568,4531
1961,2023,11513,10518,995
1961,2024,11222,10273,949
1962,2023,21456,19888,1568
1962,2024,21086,19566,1520
1963,2023,20472,17394,3078
1963,2024,20376,17433,2943
1965,2023,11348,8293,3055
1965,2024,11238,8312,2926
1966,2023,8300,4299,4001
1966,2024,8177,4213,3964
1967,2023,14437,8721,5716
1967,2024,14336,8708,5628
1968,2023,16542,14258,2284
1968,2024,16020,13914,2106
1969,2023,33148,25082,8066
1969,2024,32754,24884,7870
1970,2023,11487,7033,4454
1970,2024,11480,6983,4497
1973,2023,52575,28775,23800
1973,2024,52119,28655,23464
1974,2023,58683,56533,2150
1974,2024,58293,56139,2154
1975,2023,9539,8400,1139
1975,2024,9499,8385,1114
1976,2023,15084,15084,0
1976,2024,15137,15137,0
1977,2023,76947,60566,16381
1977,2024,76770,60451,16319
1978,2023,43705,29895,13810
1978,2024,43489,29770,13719
1979,2023,88206,73727,14479
1979,2024,90810,76208,14602
1980,2023,24894,23651,1243
1980,2024,25139,23891,1248
1981,2023,42304,40474,1830
1981,2024,41952,40132,1820
1982,2023,31833,28517,3316
1982,2024,31897,28626,3271
1983,2023,17422,14041,3381
1983,2024,17176,13866,3310
1984,2023,3450,2844,606
1984,2024,3418,2826,592
1986,2023,164614,162177,2437
1986,2024,163501,161085,2416
1987,2023,26933,26933,0
1987,2024,26765,26765,0
1988,2023,27146,25396,1750
1988,2024,26968,25214,1754
1989,2023,8587,8392,195
1989,2024,8570,8376,194
1990,2023,38810,36910,1900
1990,2024,38418,36563,1855
1991,2023,23954,18497,5457
1991,2024,23721,18339,5382
1992,2023,11037,9925,1112
1992,2024,10991,9879,1112
1993,2023,59269,55727,3542
1993,2024,58850,55487,3363
1994,2023,22027,21384,643
1994,2024,21994,21360,634
1995,2023,37806,37307,499
1995,2024,37866,37380,486
1996,2023,36288,26891,9397
1996,2024,35844,26551,9293
1997,2023,8465,8465,0
1997,2024,8418,8418,0
1999,2023,37238,22030,15208
1999,2024,37190,22050,15140
2000,2023,336919,334209,2710
2000,2024,333179,330507,2672
2001,2023,16403,16233,170
2001,2024,16275,16112,163
2002,2023,22272,17985,4287
2002,2024,21907,17708,4199
2004,2023,131408,112860,18548
2004,2024,130039,111751,18288
2005,2023,60688,54364,6324
2005,2024,59979,53748,6231
2006,2023,60758,59521,1237
2006,2024,60262,59036,1226
2007,2023,15134,15061,73
2007,2024,14941,14869,72
2008,2023,45362,36226,9136
2008,2024,45338,36227,9111
2009,2023,35375,24029,11346
2009,2024,35125,23871,11254
2010,2023,99332,93192,6140
2010,2024,98415,92349,6066
2011,2023,46570,32461,14109
2011,2024,46498,32451,14047
2012,2023,35940,32272,3668
2012,2024,35602,32056,3546
2017,2023,25240,11572,13668
2017,2024,24973,11542,13431
2018,2023,13837,4602,9235
2018,2024,13693,4601,9092
2019,2023,33553,13030,20523
2019,2024,33349,12898,20451
2021,2023,13569,6578,6991
2021,2024,13374,6514,6860
2022,2023,2501,1951,550
2022,2024,2442,1927,515
2024,2023,26455,3849,22606
2024,2024,26362,3847,22515
2027,2023,9586,9245,341
2027,2024,9456,9116,340
2028,2023,18753,10530,8223
2028,2024,18687,10521,8166
2030,2023,18624,9082,9542
2030,2024,18498,9102,9396
2031,2023,12648,6963,5685
2031,2024,12459,6852,5607
2032,2023,64140,20436,43704
2032,2024,65368,20403,44965
2033,2023,23157,19805,3352
2033,2024,23609,20218,3391
2034,2023,40050,14547,25503
2034,2024,39733,14495,25238
2035,2023,17402,5277,12125
2035,2024,17096,5150,11946
2036,2023,23877,16594,7283
2036,2024,23655,16542,7113
2037,2023,16287,5949,10338
2037,2024,16263,5999,10264
2039,2023,14502,0,14502
2039,2024,14422,0,14422
2040,2023,20495,0,20495
2040,2024,20537,0,20537
2041,2023,11755,0,11755
2041,2024,11664,0,11664
2042,2023,37577,28910,8667
2042,2024,37356,28829,8527
2043,2023,2756,0,2756
2043,2024,2677,0,2677
2044,2023,312896,312896,0
2044,2024,310645,310645,0
2045,2023,24956,24889,67
2045,2024,24684,24618,66
2046,2023,8985,6094,2891
2046,2024,8848,6005,2843
2047,2023,70668,51199,19469
2047,2024,69941,50611,19330
2048,2023,40165,25933,14232
2048,2024,39257,25374,13883
2049,2023,3446,0,3446
2049,2024,3397,0,3397
2050,2023,10837,7551,3286
2050,2024,10717,7456,3261
2051,2023,23997,19751,4246
2051,2024,23563,19449,4114
2052,2023,13909,8779,5130
2052,2024,13641,8629,5012
2053,2023,11170,8065,3105
2053,2024,10930,7911,3019
2054,2023,5172,0,5172
2054,2024,5052,0,5052
2055,2023,10709,4417,6292
2055,2024,10664,4443,6221
2056,2023,10449,3514,6935
2056,2024,10187,3424,6763
2057,2023,7915,3126,4789
2057,2024,7769,3127,4642
2058,2023,7264,0,7264
2058,2024,7059,0,7059
2059,2023,24591,7404,17187
2059,2024,24335,7351,16984
2060,2023,60842,44216,16626
2060,2024,59934,43592,16342
2061,2023,20861,11568,9293
2061,2024,20478,11346,9132
2062,2023,50411,37443,12968
2062,2024,49887,37055,12832
2063,2023,60785,0,60785
2063,2024,61413,0,61413
2064,2023,12064,7467,4597
2064,2024,11980,7469,4511
2065,2023,4250,0,4250
2065,2024,4146,0,4146
2066,2023,6699,0,6699
2066,2024,6524,0,6524
2067,2023,6535,3166,3369
2067,2024,6419,3095,3324
2068,2023,7916,3074,4842
2068,2024,7716,3006,4710
2069,2023,8196,3081,5115
2069,2024,7974,2995,4979
2070,2023,47353,40733,6620
2070,2024,46827,40330,6497
2072,2023,15982,15982,0
2072,2024,15827,15827,0
2073,2023,26309,26309,0
2073,2024,26128,26128,0
2074,2023,89262,89262,0
2074,2024,88785,88785,0
2075,2023,38541,38541,0
2075,2024,38294,38294,0
2076,2023,46961,46961,0
2076,2024,46633,46633,0
2077,2023,23162,23162,0
2077,2024,22986,22986,0
2078,2023,8332,0,8332
2078,2024,8210,0,8210
2079,2023,9362,0,9362
2079,2024,9164,0,9164
2080,2023,25142,13708,11434
2080,2024,24844,13555,11289
2081,2023,13969,5408,8561
2081,2024,13674,5333,8341
2082,2023,17225,7520,9705
2082,2024,17016,7496,9520
2085,2023,13553,6868,6685
2085,2024,13380,6844,6536
2087,2023,10953,5862,5091
2087,2024,10669,5727,4942
2088,2023,15725,6695,9030
2088,2024,15378,6573,8805
2089,2023,23980,10500,13480
2089,2024,23709,10412,13297
2090,2023,13775,0,13775
2090,2024,13536,0,13536
2091,2023,10795,0,10795
2091,2024,10656,0,10656
2093,2023,14175,4388,9787
2093,2024,14028,4368,9660
2094,2023,11783,0,11783
2094,2024,11610,0,11610
2095,2023,24728,7442,17286
2095,2024,24282,7335,16947
2096,2023,11234,0,11234
2096,2024,11015,0,11015
2098,2023,15179,6468,8711
2098,2024,15011,6424,8587
2100,2023,9537,4207,5330
2100,2024,9405,4146,5259
2101,2023,414756,414756,0
2101,2024,412994,412994,0
2105,2023,21354,16328,5026
2105,2024,20992,16039,4953
2108,2023,40172,40172,0
2108,2024,39503,39503,0
2109,2023,30006,25490,4516
2109,2024,29515,25146,4369
2110,2023,10059,6733,3326
2110,2024,9731,6511,3220
2111,2023,31059,20978,10081
2111,2024,30567,20618,9949
2112,2023,4940,3044,1896
2112,2024,4852,3015,1837
2113,2023,30649,21556,9093
2113,2024,30273,21274,8999
2114,2023,9715,6129,3586
2114,2024,9486,6011,3475
2116,2023,4073,2830,1243
2116,2024,3931,2737,1194
2117,2023,12137,9257,2880
2117,2024,11945,9142,2803
2118,2023,14370,6193,8177
2118,2024,14191,6168,8023
2119,2023,57724,4911,52813
2119,2024,59603,4928,54675
2120,2023,19344,12239,7105
2120,2024,18994,12001,6993
2121,2023,22975,13835,9140
2121,2024,22713,13674,9039
2122,2023,7303,3668,3635
2122,2024,7244,3671,3573
2124,2023,68978,52192,16786
2124,2024,67829,51190,16639
2125,2023,8654,4911,3743
2125,2024,8508,4860,3648
2126,2023,12747,9084,3663
2126,2024,12610,8963,3647
2127,2023,3914,0,3914
2127,2024,3827,0,3827
2128,2023,24715,15084,9631
2128,2024,24344,14842,9502
2129,2023,14025,7516,6509
2129,2024,13807,7418,6389
2130,2023,3747,1780,1967
2130,2024,3690,1757,1933
2131,2023,23173,18110,5063
2131,2024,22742,17840,4902
2132,2023,11529,4615,6914
2132,2024,11371,4543,6828
2133,2023,5136,3239,1897
2133,2024,5051,3188,1863
2134,2023,14847,4102,10745
2134,2024,14777,4075,10702
2136,2023,4892,3028,1864
2136,2024,4788,2955,1833
2137,2023,10050,5774,4276
2137,2024,9920,5693,4227
2138,2023,6525,3457,3068
2138,2024,6439,3396,3043
2139,2023,8567,5144,3423
2139,2024,8413,5078,3335
2140,2023,21077,6755,14322
2140,2024,20834,6639,14195
2142,2023,16439,11174,5265
2142,2024,16137,10990,5147
2143,2023,8010,3988,4022
2143,2024,7887,3931,3956
2144,2023,571983,551504,20479
2144,2024,565753,545391,20362
2145,2023,2634,1816,818
2145,2024,2626,1822,804
2146,2023,38061,38061,0
2146,2024,37478,37478,0
2148,2023,7392,0,7392
2148,2024,7233,0,7233
2149,2023,33514,24692,8822
2149,2024,33342,24628,8714
2150,2023,11228,0,11228
2150,2024,11191,0,11191
2151,2023,14588,7795,6793
2151,2024,14438,7730,6708
2152,2023,11065,0,11065
2152,2024,11051,0,11051
2153,2023,17507,0,17507
2153,2024,17438,0,17438
2154,2023,20307,0,20307
2154,2024,20183,0,20183
2155,2023,32570,20335,12235
2155,2024,32143,20099,12044
2156,2023,12088,0,12088
2156,2024,12022,0,12022
2157,2023,12177,0,12177
2157,2024,12103,0,12103
2158,2023,11443,0,11443
2158,2024,11379,0,11379
2159,2023,16732,0,16732
2159,2024,16471,0,16471
2160,2023,6436,0,6436
2160,2024,6463,0,6463
2161,2023,88838,0,88838
2161,2024,89298,0,89298
2162,2023,11674,0,11674
2162,2024,11633,0,11633
2163,2023,19895,0,19895
2163,2024,19646,0,19646
2164,2023,542516,466609,75907
2164,2024,538297,461692,76605
2165,2023,70069,59671,10398
2165,2024,69514,59184,10330
2167,2023,63038,63038,0
2167,2024,62255,62255,0
2168,2023,56838,35858,20980
2168,2024,56354,35472,20882
2169,2023,130673,118066,12607
2169,2024,129639,117175,12464
2171,2023,9214,4651,4563
2171,2024,9159,4685,4474
2172,2023,18707,12530,6177
2172,2024,18494,12382,6112
2173,2023,49571,29360,20211
2173,2024,49454,29298,20156
2174,2023,34066,12482,21584
2174,2024,33948,12346,21602
2175,2023,13824,3458,10366
2175,2024,13746,3426,10320
2176,2023,14859,5893,8966
2176,2024,14743,5826,8917
2177,2023,26703,6386,20317
2177,2024,26774,6370,20404
2178,2023,8249,0,8249
2178,2024,8141,0,8141
2179,2023,38612,26121,12491
2179,2024,38587,26114,12473
2180,2023,73476,42835,30641
2180,2024,73376,42923,30453
2181,2023,10690,5368,5322
2181,2024,10641,5333,5308
2182,2023,11780,5424,6356
2182,2024,11804,5426,6378
2183,2023,29516,16979,12537
2183,2024,29592,17052,12540
2184,2023,35043,18378,16665
2184,2024,34424,18272,16152
2185,2023,11154,4845,6309
2185,2024,11101,4853,6248
2186,2023,75528,48301,27227
2186,2024,75414,47965,27449
2187,2023,18375,5970,12405
2187,2024,18218,5915,12303
2188,2023,103032,71292,31740
2188,2024,101699,70189,31510
2189,2023,30491,14916,15575
2189,2024,30348,14815,15533
2190,2023,855618,855618,0
2190,2024,861098,861098,0
2191,2023,47461,27132,20329
2191,2024,47394,27266,20128
2192,2023,67317,67317,0
2192,2024,67329,67329,0
2193,2023,103175,99877,3298
2193,2024,102733,99454,3279
2194,2023,38882,38882,0
2194,2024,38970,38970,0
2195,2023,18783,0,18783
2195,2024,18641,0,18641
2196,2023,9353,0,9353
2196,2024,9306,0,9306
2197,2023,10350,0,10350
2197,2024,10235,0,10235
2198,2023,10877,0,10877
2198,2024,10693,0,10693
2199,2023,17943,0,17943
2199,2024,17835,0,17835
2200,2023,14843,0,14843
2200,2024,14670,0,14670
2201,2023,23429,0,23429
2201,2024,23386,0,23386
2202,2023,26041,0,26041
2202,2024,25979,0,25979
2203,2023,28364,0,28364
2203,2024,28178,0,28178
2204,2023,20047,0,20047
2204,2024,19959,0,19959
2205,2023,27046,0,27046
2205,2024,27122,0,27122
2206,2023,18444,0,18444
2206,2024,18399,0,18399
2207,2023,10860,0,10860
2207,2024,10763,0,10763
2208,2023,9391,0,9391
2208,2024,9230,0,9230
2210,2023,140102,0,140102
2210,2024,143580,0,143580
2211,2023,18622,0,18622
2211,2024,18683,0,18683
2212,2023,19348,0,19348
2212,2024,19403,0,19403
2213,2023,11138,0,11138
2213,2024,11096,0,11096
2215,2023,23229,0,23229
2215,2024,23139,0,23139
2216,2023,109745,109745,0
2216,2024,111772,111772,0
2217,2023,62494,62062,432
2217,2024,63963,63515,448
2218,2023,43407,43407,0
2218,2024,44157,44157,0
2219,2023,59174,59174,0
2219,2024,59715,59715,0
2220,2023,124989,124989,0
2220,2024,126690,126690,0
2221,2023,287095,287095,0
2221,2024,290535,290535,0
2222,2023,63054,63054,0
2222,2024,63466,63466,0
2223,2023,16201,16201,0
2223,2024,16556,16556,0
2224,2023,40253,40253,0
2224,2024,40530,40530,0
2225,2023,44635,44635,0
2225,2024,45574,45574,0
2226,2023,406938,406938,0
2226,2024,420347,420347,0
2227,2023,41141,41141,0
2227,2024,41356,41356,0
2228,2023,38611,38611,0
2228,2024,39233,39233,0
2229,2023,28798,20016,8782
2229,2024,28479,19900,8579
2230,2023,22690,13493,9197
2230,2024,22821,13650,9171
2231,2023,30495,20908,9587
2231,2024,30387,20906,9481
2232,2023,47014,24541,22473
2232,2024,47486,24627,22859
2233,2023,38507,30751,7756
2233,2024,38693,30971,7722
2234,2023,32050,16283,15767
2234,2024,32120,16433,15687
2235,2023,46585,43824,2761
2235,2024,46492,43763,2729
2236,2023,127611,88645,38966
2236,2024,129992,90880,39112
2237,2023,18866,0,18866
2237,2024,19022,0,19022
2238,2023,48693,48619,74
2238,2024,49236,49160,76
2241,2023,29306,29306,0
2241,2024,29581,29581,0
2242,2023,106764,106764,0
2242,2024,106890,106890,0
2243,2023,101235,101235,0
2243,2024,102938,102938,0
2244,2023,5702,0,5702
2244,2024,5640,0,5640
2245,2023,66233,57527,8706
2245,2024,65345,56738,8607
2248,2023,17774,0,17774
2248,2024,17876,0,17876
2249,2023,9121,0,9121
2249,2024,9162,0,9162
2250,2023,16139,0,16139
2250,2024,16268,0,16268
2251,2023,634567,613334,21233
2251,2024,632771,611683,21088
2252,2023,109547,109547,0
2252,2024,108804,108804,0
2253,2023,16857,13503,3354
2253,2024,16791,13450,3341
2254,2023,7417,4410,3007
2254,2024,7275,4333,2942
2255,2023,35618,23294,12324
2255,2024,34969,22870,12099
2256,2023,14559,7169,7390
2256,2024,14314,7093,7221
2257,2023,26271,17846,8425
2257,2024,25875,17660,8215
2258,2023,19865,10213,9652
2258,2024,19556,10071,9485
2259,2023,18158,7274,10884
2259,2024,17939,7283,10656
2260,2023,20084,8370,11714
2260,2024,19862,8297,11565
2262,2023,21548,5629,15919
2262,2024,21200,5608,15592
2264,2023,20134,10561,9573
2264,2024,19921,10475,9446
2265,2023,11804,4836,6968
2265,2024,11582,4786,6796
2266,2023,11360,3886,7474
2266,2024,11246,3860,7386
2267,2023,19311,12388,6923
2267,2024,19008,12222,6786
2268,2023,9804,4258,5546
2268,2024,9545,4178,5367
2269,2023,14818,5787,9031
2269,2024,14556,5705,8851
2270,2023,14721,5678,9043
2270,2024,14437,5605,8832
2271,2023,15597,5144,10453
2271,2024,15507,5145,10362
2272,2023,34975,10369,24606
2272,2024,34931,10431,24500
2274,2023,39311,11878,27433
2274,2024,38945,11772,27173
2275,2023,1182517,1182517,0
2275,2024,1177058,1177058,0
2276,2023,25532,22548,2984
2276,2024,25205,22223,2982
2278,2023,10588,10339,249
2278,2024,10372,10131,241
2279,2023,148292,146125,2167
2279,2024,147109,144957,2152
2280,2023,37271,35325,1946
2280,2024,37146,35243,1903
2281,2023,409255,409255,0
2281,2024,408715,408715,0
2282,2023,161093,147449,13644
2282,2024,160837,147287,13550
2286,2023,69983,69983,0
2286,2024,69845,69845,0
2287,2023,23566,21016,2550
2287,2024,23326,20822,2504
2288,2023,44671,44671,0
2288,2024,44648,44648,0
2289,2023,37414,37313,101
2289,2024,37265,37166,99
2292,2023,39396,0,39396
2292,2024,39383,0,39383
2293,2023,54979,52586,2393
2293,2024,54113,51823,2290
2294,2023,23586,0,23586
2294,2024,23380,0,23380
2295,2023,24152,0,24152
2295,2024,24054,0,24054
2296,2023,31736,15378,16358
2296,2024,31251,15199,16052
2297,2023,47327,46132,1195
2297,2024,47326,46148,1178
2298,2023,29706,0,29706
2298,2024,29743,0,29743
2299,2023,43633,26679,16954
2299,2024,43290,26726,16564
2300,2023,29604,19070,10534
2300,2024,29118,18805,10313
2301,2023,26591,24584,2007
2301,2024,26222,24237,1985
2302,2023,19751,0,19751
2302,2024,19276,0,19276
2303,2023,56058,54746,1312
2303,2024,55417,54132,1285
2304,2023,49158,0,49158
2304,2024,49996,0,49996
2305,2023,27737,0,27737
2305,2024,27505,0,27505
2307,2023,17105,1487,15618
2307,2024,16951,1476,15475
2308,2023,13873,10198,3675
2308,2024,13666,10112,3554
2309,2023,18437,0,18437
2309,2024,18139,0,18139
2310,2023,24387,18243,6144
2310,2024,24231,18165,6066
2311,2023,74658,69872,4786
2311,2024,74031,69328,4703
2312,2023,88372,0,88372
2312,2024,93044,0,93044
2314,2023,31033,0,31033
2314,2024,30982,0,30982
2315,2023,21213,0,21213
2315,2024,20981,0,20981
2316,2023,28704,0,28704
2316,2024,28564,0,28564
2317,2023,15412,0,15412
2317,2024,15114,0,15114
2318,2023,570824,570824,0
2318,2024,567443,567443,0
2320,2023,173910,173910,0
2320,2024,171810,171810,0
2321,2023,9264,0,9264
2321,2024,9122,0,9122
2322,2023,11911,5438,6473
2322,2024,11831,5398,6433
2323,2023,5367,0,5367
2323,2024,5332,0,5332
2324,2023,24165,15766,8399
2324,2024,23809,15576,8233
2325,2023,20514,13591,6923
2325,2024,20497,13595,6902
2326,2023,9827,4987,4840
2326,2024,9732,5007,4725
2327,2023,9153,5551,3602
2327,2024,9051,5500,3551
2328,2023,11617,0,11617
2328,2024,11435,0,11435
2329,2023,19651,9581,10070
2329,2024,19480,9479,10001
2330,2023,8484,4429,4055
2330,2024,8362,4385,3977
2332,2023,10386,5114,5272
2332,2024,10190,5061,5129
2333,2023,58436,42554,15882
2333,2024,57986,42127,15859
2334,2023,26515,0,26515
2334,2024,26409,0,26409
2335,2023,52624,44320,8304
2335,2024,52373,44130,8243
2336,2023,46689,32228,14461
2336,2024,46215,31916,14299
2337,2023,70406,2460,67946
2337,2024,72442,2426,70016
2338,2023,68536,68536,0
2338,2024,67788,67788,0
2339,2023,10103,0,10103
2339,2024,9980,0,9980
2340,2023,15482,0,15482
2340,2024,15325,0,15325
2341,2023,23573,20363,3210
2341,2024,23265,20101,3164
2342,2023,7610,0,7610
2342,2024,7462,0,7462
2343,2023,22154,15528,6626
2343,2024,21982,15406,6576
2344,2023,13368,12998,370
2344,2024,13412,13043,369
2345,2023,5033,3382,1651
2345,2024,5197,3549,1648
2348,2023,8605,4816,3789
2348,2024,8790,5001,3789
2349,2023,7267,5409,1858
2349,2024,7279,5449,1830
2351,2023,34026,34026,0
2351,2024,33530,33530,0
2352,2023,20655,20655,0
2352,2024,20360,20360,0
2353,2023,24189,24189,0
2353,2024,23945,23945,0
2354,2023,22414,22414,0
2354,2024,22123,22123,0
2355,2023,32807,32807,0
2355,2024,32593,32593,0
2356,2023,21890,21890,0
2356,2024,21671,21671,0
2357,2023,36280,36280,0
2357,2024,36091,36091,0
2358,2023,31585,31585,0
2358,2024,31425,31425,0
2359,2023,41303,41303,0
2359,2024,41047,41047,0
2360,2023,36263,36263,0
2360,2024,36080,36080,0
2361,2023,61249,61249,0
2361,2024,60755,60755,0
2362,2023,6021,6021,0
2362,2024,6101,6101,0
2363,2023,106155,106155,0
2363,2024,111145,111145,0
2364,2023,39131,39131,0
2364,2024,39068,39068,0
2365,2023,90520,90520,0
2365,2024,89796,89796,0
2366,2023,60911,60911,0
2366,2024,60378,60378,0
2367,2023,61391,61391,0
2367,2024,60902,60902,0
2368,2023,60618,60618,0
2368,2024,60031,60031,0
2369,2023,116843,116843,0
2369,2024,116146,116146,0
2370,2023,6491,6491,0
2370,2024,6508,6508,0
2371,2023,15347,15347,0
2371,2024,15567,15567,0
2372,2023,190318,190318,0
2372,2024,191571,191571,0
2373,2023,69822,69822,0
2373,2024,70100,70100,0
2374,2023,94158,94158,0
2374,2024,94400,94400,0
2375,2023,91272,91272,0
2375,2024,91526,91526,0
2376,2023,114257,114257,0
2376,2024,115111,115111,0
2377,2023,117578,117578,0
2377,2024,119292,119292,0
2378,2023,68562,68562,0
2378,2024,67654,67654,0
2379,2023,109911,109911,0
2379,2024,108549,108549,0
2380,2023,72809,72809,0
2380,2024,72078,72078,0
2381,2023,77593,77593,0
2381,2024,76567,76567,0
2382,2023,81911,81911,0
2382,2024,81396,81396,0
2383,2023,48582,48582,0
2383,2024,48022,48022,0
2384,2023,77426,77426,0
2384,2024,76479,76479,0
2385,2023,60608,60608,0
2385,2024,59699,59699,0
2386,2023,77238,77238,0
2386,2024,76019,76019,0
2387,2023,71589,71589,0
2387,2024,70462,70462,0
2388,2023,43206,43206,0
2388,2024,42639,42639,0
2389,2023,33630,33630,0
2389,2024,33260,33260,0
2390,2023,38921,38921,0
2390,2024,38302,38302,0
2391,2023,10582,10582,0
2391,2024,10430,10430,0
2392,2023,143914,143914,0
2392,2024,145875,145875,0
2393,2023,27313,27313,0
2393,2024,27407,27407,0
2395,2023,8588,8588,0
2395,2024,8552,8552,0
2398,2023,75180,75180,0
2398,2024,75419,75419,0
2399,2023,58140,58140,0
2399,2024,57831,57831,0
2400,2023,43414,43414,0
2400,2024,43157,43157,0
2401,2023,128949,128949,0
2401,2024,128099,128099,0
2402,2023,61288,61288,0
2402,2024,60985,60985,0
2403,2023,58652,58652,0
2403,2024,60306,60306,0
2404,2023,59379,59379,0
2404,2024,58402,58402,0
2405,2023,128346,128346,0
2405,2024,128489,128489,0
2406,2023,70165,70165,0
2406,2024,73238,73238,0
2407,2023,51054,51054,0
2407,2024,50257,50257,0
2408,2023,36169,36169,0
2408,2024,35619,35619,0
2409,2023,27781,27781,0
2409,2024,28519,28519,0
2410,2023,44414,44414,0
2410,2024,44515,44515,0
2411,2023,15492,15492,0
2411,2024,15462,15462,0
2412,2023,45697,45697,0
2412,2024,45935,45935,0
2416,2023,9860,9860,0
2416,2024,9869,9869,0
2422,2023,39088,39088,0
2422,2024,38558,38558,0
2423,2023,45138,45138,0
2423,2024,44916,44916,0
2424,2023,66266,66266,0
2424,2024,65624,65624,0
2425,2023,84009,84009,0
2425,2024,83316,83316,0
2426,2023,45863,45863,0
2426,2024,45574,45574,0
2427,2023,93945,93945,0
2427,2024,93726,93726,0
2428,2023,27970,27970,0
2428,2024,28050,28050,0
2429,2023,27186,27186,0
2429,2024,27157,27157,0
2430,2023,56592,56592,0
2430,2024,56679,56679,0
2431,2023,69959,69959,0
2431,2024,70132,70132,0
2432,2023,79305,79305,0
2432,2024,79762,79762,0
2433,2023,67521,67521,0
2433,2024,67469,67469,0
2434,2023,69327,69327,0
2434,2024,69494,69494,0
2435,2023,62118,62118,0
2435,2024,61924,61924,0
2436,2023,87918,87918,0
2436,2024,88163,88163,0
2437,2023,17775,17775,0
2437,2024,18097,18097,0
2439,2023,15514,15514,0
2439,2024,15440,15440,0
2440,2023,16600,16600,0
2440,2024,16497,16497,0
2441,2023,15861,15861,0
2441,2024,15788,15788,0
2442,2023,20667,20667,0
2442,2024,20583,20583,0
2443,2023,17467,17467,0
2443,2024,17453,17453,0
2444,2023,29648,29648,0
2444,2024,29553,29553,0
2445,2023,80701,80701,0
2445,2024,80345,80345,0
2446,2023,14359,14359,0
2446,2024,14268,14268,0
2447,2023,108187,108187,0
2447,2024,108470,108470,0
2449,2023,132978,132978,0
2449,2024,138847,138847,0
2450,2023,61246,61246,0
2450,2024,61193,61193,0
2451,2023,67846,67846,0
2451,2024,67637,67637,0
2452,2023,56117,56117,0
2452,2024,55958,55958,0
2453,2023,92460,92460,0
2453,2024,92071,92071,0
2454,2023,62309,62309,0
2454,2024,62317,62317,0
2455,2023,74005,74005,0
2455,2024,73743,73743,0
2456,2023,7348,7348,0
2456,2024,7273,7273,0
2457,2023,9085,9085,0
2457,2024,8978,8978,0
2458,2023,40151,40151,0
2458,2024,39745,39745,0
2459,2023,74205,74205,0
2459,2024,73451,73451,0
2460,2023,19563,19563,0
2460,2024,19437,19437,0
2461,2023,50302,50302,0
2461,2024,49727,49727,0
2462,2023,108657,108657,0
2462,2024,107571,107571,0
2463,2023,119927,119927,0
2463,2024,119585,119585,0
2464,2023,73929,73929,0
2464,2024,73857,73857,0
2465,2023,12906,12906,0
2465,2024,12454,12454,0
2466,2023,165243,165243,0
2466,2024,164715,164715,0
2467,2023,125042,125042,0
2467,2024,125062,125062,0
2468,2023,107953,107953,0
2468,2024,108666,108666,0
2469,2023,89113,89113,0
2469,2024,89438,89438,0
2470,2023,99961,99961,0
2470,2024,99348,99348,0
2471,2023,106320,106320,0
2471,2024,107461,107461,0
2472,2023,39623,39623,0
2472,2024,40122,40122,0
2473,2023,135315,135315,0
2473,2024,134308,134308,0
2474,2023,84986,84986,0
2474,2024,84957,84957,0
2475,2023,93183,93183,0
2475,2024,92805,92805,0
2476,2023,59914,59914,0
2476,2024,60396,60396,0
2477,2023,87630,87630,0
2477,2024,87933,87933,0
2478,2023,26182,26182,0
2478,2024,25182,25182,0
2479,2023,76926,76926,0
2479,2024,75669,75669,0
2480,2023,82923,82923,0
2480,2024,82363,82363,0
2481,2023,153316,153316,0
2481,2024,151447,151447,0
2482,2023,147606,147606,0
2482,2024,145961,145961,0
2483,2023,123219,123219,0
2483,2024,122058,122058,0
2484,2023,127680,127680,0
2484,2024,126535,126535,0
2485,2023,65529,65529,0
2485,2024,65316,65316,0
2486,2023,152594,152594,0
2486,2024,151931,151931,0
2487,2023,127304,127304,0
2487,2024,126309,126309,0
2488,2023,128359,128359,0
2488,2024,128029,128029,0
2489,2023,113015,113015,0
2489,2024,112388,112388,0
2490,2023,112246,112246,0
2490,2024,111926,111926,0
2491,2023,108426,108426,0
2491,2024,110660,110660,0
2492,2023,41877,41877,0
2492,2024,43049,43049,0
2493,2023,41586,41586,0
2493,2024,42047,42047,0
2494,2023,81964,81964,0
2494,2024,81833,81833,0
2495,2023,42729,42729,0
2495,2024,43190,43190,0
2496,2023,78556,78556,0
2496,2024,79896,79896,0
2497,2023,72033,72033,0
2497,2024,72173,72173,0
2498,2023,101601,101601,0
2498,2024,101167,101167,0
2499,2023,104554,104554,0
2499,2024,106612,106612,0
2500,2023,103271,103271,0
2500,2024,103496,103496,0
2501,2023,85514,85514,0
2501,2024,84743,84743,0
2502,2023,102809,102809,0
2502,2024,103676,103676,0
2503,2023,55355,55355,0
2503,2024,55420,55420,0
2504,2023,12487,12487,0
2504,2024,13337,13337,0
2505,2023,60070,60070,0
2505,2024,60149,60149,0
2506,2023,58000,58000,0
2506,2024,57677,57677,0
2507,2023,81940,81940,0
2507,2024,82774,82774,0
2508,2023,93029,93029,0
2508,2024,96233,96233,0
2509,2023,74927,74927,0
2509,2024,75533,75533,0
2510,2023,78502,78502,0
2510,2024,77681,77681,0
2511,2023,55753,55753,0
2511,2024,55741,55741,0
2512,2023,68075,68075,0
2512,2024,88627,88627,0
2513,2023,159344,159344,0
2513,2024,158797,158797,0
2514,2023,72472,72472,0
2514,2024,71703,71703,0
2515,2023,84811,84811,0
2515,2024,84105,84105,0
2516,2023,82683,82683,0
2516,2024,83136,83136,0
2517,2023,36566,36566,0
2517,2024,36742,36742,0
2518,2023,63095,63095,0
2518,2024,62191,62191,0
2519,2023,65296,65296,0
2519,2024,64840,64840,0
2520,2023,187728,187728,0
2520,2024,187737,187737,0
2521,2023,52059,52059,0
2521,2024,52115,52115,0
2522,2023,60984,60984,0
2522,2024,60013,60013,0
2525,2023,86996,86996,0
2525,2024,88150,88150,0
2526,2023,99656,99656,0
2526,2024,98861,98861,0
2527,2023,32326,32326,0
2527,2024,33298,33298,0
2528,2023,197840,197840,0
2528,2024,198194,198194,0
2529,2023,66564,66564,0
2529,2024,67364,67364,0
2530,2023,171805,171805,0
2530,2024,172055,172055,0
2531,2023,161980,161980,0
2531,2024,163074,163074,0
2532,2023,181520,181520,0
2532,2024,182497,182497,0
2533,2023,109248,109248,0
2533,2024,110486,110486,0
2534,2023,111492,111492,0
2534,2024,112628,112628,0
2535,2023,35962,35962,0
2535,2024,36246,36246,0
2536,2023,109051,109051,0
2536,2024,111289,111289,0
2537,2023,54521,54521,0
2537,2024,55293,55293,0
2538,2023,36840,36840,0
2538,2024,36947,36947,0
2539,2023,45691,45691,0
2539,2024,45851,45851,0
2540,2023,56620,56620,0
2540,2024,55635,55635,0
2541,2023,126433,126433,0
2541,2024,127506,127506,0
2542,2023,135106,135106,0
2542,2024,134759,134759,0
2543,2023,75593,75593,0
2543,2024,75735,75735,0
2544,2023,105275,105275,0
2544,2024,105094,105094,0
2545,2023,27481,27481,0
2545,2024,27022,27022,0
2546,2023,241783,241783,0
2546,2024,241326,241326,0
2547,2023,32717,32717,0
2547,2024,32161,32161,0
2548,2023,140670,140670,0
2548,2024,139880,139880,0
2549,2023,106078,106078,0
2549,2024,109711,109711,0
2550,2023,181447,181447,0
2550,2024,184071,184071,0
2551,2023,271915,271915,0
2551,2024,272278,272278,0
2552,2023,108388,108388,0
2552,2024,112860,112860,0
2553,2023,49563,49563,0
2553,2024,50637,50637,0
2554,2023,90252,90252,0
2554,2024,89544,89544,0
2555,2023,107857,107857,0
2555,2024,108657,108657,0
2556,2023,102752,102752,0
2556,2024,101550,101550,0
2557,2023,72414,72414,0
2557,2024,73112,73112,0
2558,2023,113198,113198,0
2558,2024,114228,114228,0
2559,2023,80987,80987,0
2559,2024,80493,80493,0
2560,2023,124527,124527,0
2560,2024,123288,123288,0
2561,2023,151790,151790,0
2561,2024,152544,152544,0
2562,2023,64976,64976,0
2562,2024,65708,65708,0
2563,2023,87923,87923,0
2563,2024,87044,87044,0
2564,2023,87447,87447,0
2564,2024,87258,87258,0
2565,2023,97658,97658,0
2565,2024,97516,97516,0
2566,2023,132338,132338,0
2566,2024,131899,131899,0
2567,2023,107799,107799,0
2567,2024,107951,107951,0
2568,2023,208783,208783,0
2568,2024,211116,211116,0
2569,2023,175253,175253,0
2569,2024,176505,176505,0
2570,2023,157292,157292,0
2570,2024,156160,156160,0
2571,2023,86038,86038,0
2571,2024,85308,85308,0
2572,2023,102572,102572,0
2572,2024,101271,101271,0
2573,2023,105140,105140,0
2573,2024,104272,104272,0
2574,2023,51967,51967,0
2574,2024,51291,51291,0
2575,2023,133651,133651,0
2575,2024,133658,133658,0
2576,2023,88095,88095,0
2576,2024,86969,86969,0
2577,2023,83658,83658,0
2577,2024,83390,83390,0
2578,2023,120618,120618,0
2578,2024,120779,120779,0
2579,2023,77938,77938,0
2579,2024,77073,77073,0
2580,2023,126387,126387,0
2580,2024,124886,124886,0
2581,2023,148059,148059,0
2581,2024,146959,146959,0
2582,2023,120748,120748,0
2582,2024,119021,119021,0
2583,2023,110895,110895,0
2583,2024,109640,109640,0
2584,2023,113208,113208,0
2584,2024,111983,111983,0
2585,2023,158304,158304,0
2585,2024,156092,156092,0
2586,2023,33776,33776,0
2586,2024,37824,37824,0
2587,2023,71089,71089,0
2587,2024,71615,71615,0
2588,2023,64132,64132,0
2588,2024,62771,62771,0
2589,2023,63312,63312,0
2589,2024,64390,64390,0
2590,2023,20317,20317,0
2590,2024,19919,19919,0
2591,2023,14592,14592,0
2591,2024,14565,14565,0
2592,2023,45606,45606,0
2592,2024,47195,47195,0
2593,2023,12072,12072,0
2593,2024,12040,12040,0
2595,2023,21818,21818,0
2595,2024,21756,21756,0
2596,2023,12896,12896,0
2596,2024,13029,13029,0
2597,2023,15692,15692,0
2597,2024,16230,16230,0
2598,2023,9287,9287,0
2598,2024,9107,9107,0
2599,2023,111718,111718,0
2599,2024,114244,114244,0
2600,2023,22029,22029,0
2600,2024,21590,21590,0
2601,2023,21725,21725,0
2601,2024,23187,23187,0
2602,2023,24782,24782,0
2602,2024,27069,27069,0
2604,2023,32215,32215,0
2604,2024,33033,33033,0
2605,2023,115545,115545,0
2605,2024,122303,122303,0
2606,2023,16237,16237,0
2606,2024,17811,17811,0
2607,2023,13350,13350,0
2607,2024,13360,13360,0
2618,2023,15431,12744,2687
2618,2024,15147,12576,2571
2619,2023,54862,36773,18089
2619,2024,54039,36284,17755
2620,2023,100732,88789,11943
2620,2024,99951,88184,11767
2621,2023,148978,142022,6956
2621,2024,147365,140535,6830
2644,2023,181197,142029,39168
2644,2024,181687,133756,47931
2646,2023,129584,129584,0
2646,2024,132477,132477,0
2648,2023,70669,54481,16188
2648,2024,72040,55475,16565
2649,2023,217794,178604,39190
2649,2024,218279,179124,39155
2651,2023,480869,323755,157114
2651,2024,482184,325341,156843
2652,2023,241038,171604,69434
2652,2024,240323,170769,69554
2710,2023,65168,48780,16388
2710,2024,63833,47805,16028
2808,2023,214925,156985,57940
2808,2024,213701,156073,57628
2809,2023,103834,62173,41661
2809,2024,103245,61628,41617
2813,2023,101978,66554,35424
2813,2024,101188,65778,35410
2814,2023,300650,275431,25219
2814,2024,300898,275332,25566
2872,2023,10037,0,10037
2872,2024,10095,0,10095
2876,2023,133913,126674,7239
2876,2024,133451,126423,7028
2879,2023,33869,33869,0
2879,2024,34958,34958,0
2880,2023,30962,30962,0
2880,2024,31295,31295,0
2881,2023,110643,0,110643
2881,2024,109591,0,109591
2882,2023,36552,25789,10763
2882,2024,36676,27948,8728
2883,2023,52457,41734,10723
2883,2024,51679,41088,10591
2884,2023,64730,54095,10635
2884,2024,63768,53312,10456
2885,2023,50499,28630,21869
2885,2024,50562,28939,21623
2886,2023,44174,40818,3356
2886,2024,43671,40389,3282
2887,2023,942315,900463,41852
2887,2024,937364,895907,41457
3005,2023,145443,111780,33663
3005,2024,144670,111343,33327
3007,2023,43450,11257,32193
3007,2024,43200,11233,31967
3009,2023,291454,258546,32908
3009,2024,288947,256268,32679
3011,2023,161475,159662,1813
3011,2024,160367,158597,1770
3012,2023,25198,20764,4434
3012,2024,24970,20611,4359
3013,2023,133149,78186,54963
3013,2024,135509,77225,58284
