territory_id,date,from_cluster,to_cluster,previous_run_months,new_run_months,new_run_margin,municipal_district_name_short,region_name,from_cluster_name,to_cluster_name
2,2023-10,3,1,9,4,0.160802,Адыгейск,Республика Адыгея,Крупные центры,Цифровая повседневность
14,2024-01,2,1,8,4,0.105505,Турочакский,Республика Алтай,Автономные локальные центры,Цифровая повседневность
23,2023-04,1,2,3,5,0.022066,Кумертау,Республика Башкортостан,Цифровая повседневность,Автономные локальные центры
26,2023-04,2,3,3,21,0.113035,Октябрьский,Республика Башкортостан,Автономные локальные центры,Крупные центры
27,2023-04,2,3,3,21,0.228127,Салават,Республика Башкортостан,Автономные локальные центры,Крупные центры
35,2024-01,2,3,12,3,0.126459,Баймакский,Республика Башкортостан,Автономные локальные центры,Крупные центры
35,2024-04,3,2,3,9,0.102630,Баймакский,Республика Башкортостан,Крупные центры,Автономные локальные центры
44,2023-11,1,2,10,4,0.018766,Благовещенский,Республика Башкортостан,Цифровая повседневность,Автономные локальные центры
44,2024-03,2,1,4,10,0.060587,Благовещенский,Республика Башкортостан,Автономные локальные центры,Цифровая повседневность
47,2023-06,1,2,5,3,0.032273,Бурзянский,Республика Башкортостан,Цифровая повседневность,Автономные локальные центры
47,2023-09,2,1,3,3,0.007591,Бурзянский,Республика Башкортостан,Автономные локальные центры,Цифровая повседневность
47,2023-12,1,2,3,4,0.072921,Бурзянский,Республика Башкортостан,Цифровая повседневность,Автономные локальные центры
51,2023-05,1,2,4,8,0.046355,Дюртюлинский,Республика Башкортостан,Цифровая повседневность,Автономные локальные центры
53,2023-04,1,2,3,7,0.049742,Зианчуринский,Республика Башкортостан,Цифровая повседневность,Автономные локальные центры
53,2023-11,2,1,7,5,0.104878,Зианчуринский,Республика Башкортостан,Автономные локальные центры,Цифровая повседневность
53,2024-04,1,2,5,3,0.042920,Зианчуринский,Республика Башкортостан,Цифровая повседневность,Автономные локальные центры
55,2023-06,2,1,3,3,0.017924,Иглинский,Республика Башкортостан,Автономные локальные центры,Цифровая повседневность
55,2023-09,1,2,3,8,0.115935,Иглинский,Республика Башкортостан,Цифровая повседневность,Автономные локальные центры
55,2024-05,2,1,8,4,0.044884,Иглинский,Республика Башкортостан,Автономные локальные центры,Цифровая повседневность
57,2023-04,2,3,3,20,0.089941,Ишимбайский,Республика Башкортостан,Автономные локальные центры,Крупные центры
66,2023-05,2,3,4,20,0.177712,Мелеузовский,Республика Башкортостан,Автономные локальные центры,Крупные центры
71,2023-05,1,2,4,4,0.027957,Салаватский,Республика Башкортостан,Цифровая повседневность,Автономные локальные центры
77,2023-05,2,3,4,7,0.047377,Учалинский,Республика Башкортостан,Автономные локальные центры,Крупные центры
79,2023-06,1,2,5,3,0.054315,Хайбуллинский,Республика Башкортостан,Цифровая повседневность,Автономные локальные центры
81,2023-10,1,2,9,5,0.056548,Чишминский,Республика Башкортостан,Цифровая повседневность,Автономные локальные центры
204,2024-03,3,1,7,4,0.103711,Усть-Джегутинский,Карачаево-Черкесская Республика,Крупные центры,Цифровая повседневность
206,2023-04,2,3,3,9,0.255679,Петрозаводский,Республика Карелия,Автономные локальные центры,Крупные центры
208,2024-01,1,2,4,6,0.116054,Беломорский,Республика Карелия,Цифровая повседневность,Автономные локальные центры
208,2024-07,2,1,6,6,0.084308,Беломорский,Республика Карелия,Автономные локальные центры,Цифровая повседневность
213,2023-10,2,1,3,4,0.099774,Лоухский,Республика Карелия,Автономные локальные центры,Цифровая повседневность
218,2023-04,2,3,3,4,0.061869,Прионежский,Республика Карелия,Автономные локальные центры,Крупные центры
221,2024-07,2,1,18,6,0.041336,Сегежский,Республика Карелия,Автономные локальные центры,Цифровая повседневность
231,2023-04,2,1,3,4,0.072969,Княжпогостский,Республика Коми,Автономные локальные центры,Цифровая повседневность
278,2023-04,2,3,3,21,0.267974,Медведевский,Республика Марий Эл,Автономные локальные центры,Крупные центры
351,2023-05,1,3,4,6,0.089815,Моздокский,Республика Северная Осетия — Алания,Цифровая повседневность,Крупные центры
351,2024-06,1,3,4,5,0.078258,Моздокский,Республика Северная Осетия — Алания,Цифровая повседневность,Крупные центры
380,2024-01,1,2,12,4,0.071414,Лениногорский,Республика Татарстан,Цифровая повседневность,Автономные локальные центры
380,2024-05,2,3,4,3,0.056634,Лениногорский,Республика Татарстан,Автономные локальные центры,Крупные центры
404,2023-07,1,2,6,9,0.084009,Каа-Хемский,Республика Тыва,Цифровая повседневность,Автономные локальные центры
408,2024-04,1,2,3,9,0.065988,Пий-Хемский,Республика Тыва,Цифровая повседневность,Автономные локальные центры
420,2023-05,1,2,4,6,0.006801,Глазов,Удмуртская Республика,Цифровая повседневность,Автономные локальные центры
420,2023-11,2,1,6,6,0.041663,Глазов,Удмуртская Республика,Автономные локальные центры,Цифровая повседневность
420,2024-05,1,2,6,8,0.069612,Глазов,Удмуртская Республика,Цифровая повседневность,Автономные локальные центры
449,2023-06,1,2,3,17,0.119354,Абаза,Республика Хакасия,Цифровая повседневность,Автономные локальные центры
481,2023-04,1,3,3,21,0.278831,Новочебоксарск,Чувашская Республика,Цифровая повседневность,Крупные центры
508,2023-05,1,2,4,8,0.122533,Заринск,Алтайский край,Цифровая повседневность,Автономные локальные центры
511,2023-07,1,2,6,5,0.043544,Славгород,Алтайский край,Цифровая повседневность,Автономные локальные центры
517,2023-05,1,2,4,8,0.122705,Бийский,Алтайский край,Цифровая повседневность,Автономные локальные центры
535,2023-12,2,1,5,4,0.080670,Кулундинский,Алтайский край,Автономные локальные центры,Цифровая повседневность
554,2023-10,1,2,9,15,0.097998,Советский,Алтайский край,Цифровая повседневность,Автономные локальные центры
558,2023-08,1,2,7,3,0.042925,Табунский,Алтайский край,Цифровая повседневность,Автономные локальные центры
558,2023-11,2,1,3,14,0.319001,Табунский,Алтайский край,Автономные локальные центры,Цифровая повседневность
666,2023-04,2,3,3,7,0.061110,Красноярск,Красноярский край,Автономные локальные центры,Крупные центры
666,2024-07,3,2,3,6,0.068649,Красноярск,Красноярский край,Крупные центры,Автономные локальные центры
685,2023-08,1,2,4,17,0.188705,Балахтинский,Красноярский край,Цифровая повседневность,Автономные локальные центры
690,2024-09,1,2,3,3,0.052246,Большемуртинский,Красноярский край,Цифровая повседневность,Автономные локальные центры
695,2023-08,1,2,7,3,0.035495,Ермаковский,Красноярский край,Цифровая повседневность,Автономные локальные центры
695,2023-11,2,1,3,6,0.209689,Ермаковский,Красноярский край,Автономные локальные центры,Цифровая повседневность
696,2023-07,1,2,6,6,0.046138,Идринский,Красноярский край,Цифровая повседневность,Автономные локальные центры
696,2024-01,2,1,6,12,0.124286,Идринский,Красноярский край,Автономные локальные центры,Цифровая повседневность
704,2024-04,2,1,5,3,0.092755,Краснотуранский,Красноярский край,Автономные локальные центры,Цифровая повседневность
704,2024-07,1,2,3,6,0.091194,Краснотуранский,Красноярский край,Цифровая повседневность,Автономные локальные центры
714,2024-01,2,1,4,4,0.106479,Рыбинский,Красноярский край,Автономные локальные центры,Цифровая повседневность
714,2024-05,1,2,4,4,0.130940,Рыбинский,Красноярский край,Цифровая повседневность,Автономные локальные центры
741,2024-09,1,2,20,4,0.050296,Добрянский,Пермский край,Цифровая повседневность,Автономные локальные центры
748,2023-05,1,2,4,20,0.036675,Краснокамский,Пермский край,Цифровая повседневность,Автономные локальные центры
775,2023-05,2,3,4,3,0.023384,Владивостокский,Приморский край,Автономные локальные центры,Крупные центры
775,2023-08,3,2,3,10,0.058361,Владивостокский,Приморский край,Крупные центры,Автономные локальные центры
813,2023-05,1,3,4,20,0.153500,Железноводск,Ставропольский край,Цифровая повседневность,Крупные центры
818,2023-10,1,3,9,15,0.066270,Лермонтов,Ставропольский край,Цифровая повседневность,Крупные центры
820,2023-05,1,3,4,20,0.208535,Невинномысск,Ставропольский край,Цифровая повседневность,Крупные центры
842,2023-05,2,3,4,4,0.055108,Хабаровск,Хабаровский край,Автономные локальные центры,Крупные центры
842,2023-09,3,2,4,9,0.069251,Хабаровск,Хабаровский край,Крупные центры,Автономные локальные центры
860,2023-04,2,3,3,16,0.070623,Хабаровский,Хабаровский край,Автономные локальные центры,Крупные центры
860,2024-08,3,2,16,4,0.039961,Хабаровский,Хабаровский край,Крупные центры,Автономные локальные центры
891,2024-06,2,1,17,6,0.125472,Коряжма,Архангельская область,Автономные локальные центры,Цифровая повседневность
895,2023-04,2,1,3,21,0.094614,Новодвинск,Архангельская область,Автономные локальные центры,Цифровая повседневность
911,2024-10,2,1,5,3,0.061214,Плесецкий,Архангельская область,Автономные локальные центры,Цифровая повседневность
927,2023-06,1,3,5,5,0.111882,Наримановский,Астраханская область,Цифровая повседневность,Крупные центры
988,2023-04,1,3,3,21,0.145731,Ковров,Владимирская область,Цифровая повседневность,Крупные центры
991,2024-03,1,3,5,8,0.098334,Александровский,Владимирская область,Цифровая повседневность,Крупные центры
1008,2023-04,1,3,3,21,0.329131,Волжский,Волгоградская область,Цифровая повседневность,Крупные центры
1049,2023-06,2,3,3,4,0.052924,Белозерский,Вологодская область,Автономные локальные центры,Крупные центры
1049,2023-10,3,2,4,15,0.100760,Белозерский,Вологодская область,Крупные центры,Автономные локальные центры
1071,2023-09,1,2,3,3,0.062533,Череповецкий,Вологодская область,Цифровая повседневность,Автономные локальные центры
1107,2023-04,1,3,3,21,0.394159,Иваново,Ивановская область,Цифровая повседневность,Крупные центры
1117,2023-04,1,3,3,21,0.347514,Ивановский,Ивановская область,Цифровая повседневность,Крупные центры
1146,2023-04,2,1,3,21,0.096095,Братский,Иркутская область,Автономные локальные центры,Цифровая повседневность
1166,2024-07,2,1,18,3,0.016355,Усть-Удинский,Иркутская область,Автономные локальные центры,Цифровая повседневность
1168,2024-01,2,1,7,4,0.047670,Чунский,Иркутская область,Автономные локальные центры,Цифровая повседневность
1179,2023-10,1,2,9,4,0.021963,Пионерский,Калининградская область,Цифровая повседневность,Автономные локальные центры
1179,2024-02,2,1,4,11,0.244710,Пионерский,Калининградская область,Автономные локальные центры,Цифровая повседневность
1184,2023-04,2,1,3,5,0.065756,Балтийский,Калининградская область,Автономные локальные центры,Цифровая повседневность
1184,2023-09,1,2,5,6,0.052327,Балтийский,Калининградская область,Цифровая повседневность,Автономные локальные центры
1184,2024-09,1,2,4,4,0.051507,Балтийский,Калининградская область,Цифровая повседневность,Автономные локальные центры
1189,2023-10,1,2,9,3,0.139772,Краснознаменский,Калининградская область,Цифровая повседневность,Автономные локальные центры
1189,2024-06,2,1,3,7,0.436235,Краснознаменский,Калининградская область,Автономные локальные центры,Цифровая повседневность
1192,2024-04,2,1,4,9,0.091287,Нестеровский,Калининградская область,Автономные локальные центры,Цифровая повседневность
1224,2023-04,2,3,3,8,0.229364,Кемеровский,Кемеровская область,Автономные локальные центры,Крупные центры
1227,2023-04,1,2,3,9,0.188376,Березовский,Кемеровская область,Цифровая повседневность,Автономные локальные центры
1227,2024-01,2,1,9,4,0.117270,Березовский,Кемеровская область,Автономные локальные центры,Цифровая повседневность
1227,2024-05,1,2,4,8,0.235140,Березовский,Кемеровская область,Цифровая повседневность,Автономные локальные центры
1228,2023-05,1,2,3,8,0.244710,Калтанский,Кемеровская область,Цифровая повседневность,Автономные локальные центры
1237,2023-05,1,2,4,3,0.088799,Тайгинский,Кемеровская область,Цифровая повседневность,Автономные локальные центры
1237,2023-12,2,1,3,7,0.204854,Тайгинский,Кемеровская область,Автономные локальные центры,Цифровая повседневность
1237,2024-07,1,2,7,5,0.182175,Тайгинский,Кемеровская область,Цифровая повседневность,Автономные локальные центры
1240,2024-01,2,1,9,4,0.166599,Беловский,Кемеровская область,Автономные локальные центры,Цифровая повседневность
1241,2023-06,1,2,5,5,0.177868,Гурьевский,Кемеровская область,Цифровая повседневность,Автономные локальные центры
1241,2023-11,2,1,5,7,0.139042,Гурьевский,Кемеровская область,Автономные локальные центры,Цифровая повседневность
1241,2024-06,1,2,7,7,0.230967,Гурьевский,Кемеровская область,Цифровая повседневность,Автономные локальные центры
1246,2023-05,1,2,4,8,0.166360,Мариинский,Кемеровская область,Цифровая повседневность,Автономные локальные центры
1246,2024-01,2,1,8,4,0.077100,Мариинский,Кемеровская область,Автономные локальные центры,Цифровая повседневность
1246,2024-05,1,2,4,8,0.186703,Мариинский,Кемеровская область,Цифровая повседневность,Автономные локальные центры
1252,2023-05,1,2,4,9,0.258214,Топкинский,Кемеровская область,Цифровая повседневность,Автономные локальные центры
1254,2024-06,1,2,5,7,0.299290,Чебулинский,Кемеровская область,Цифровая повседневность,Автономные локальные центры
1256,2024-06,1,2,6,7,0.232778,Яйский,Кемеровская область,Цифровая повседневность,Автономные локальные центры
1258,2023-04,2,3,3,21,0.298583,Киров,Кировская область,Автономные локальные центры,Крупные центры
1260,2024-01,1,2,7,6,0.071531,Кирово-Чепецк,Кировская область,Цифровая повседневность,Автономные локальные центры
1303,2023-04,1,3,3,21,0.101361,Кострома,Костромская область,Цифровая повседневность,Крупные центры
1315,2024-10,3,1,4,3,0.052439,Костромской,Костромская область,Крупные центры,Цифровая повседневность
1396,2023-04,2,3,3,21,0.244275,Выборгский,Ленинградская область,Автономные локальные центры,Крупные центры
1398,2023-07,2,3,6,6,0.057171,Кингисеппский,Ленинградская область,Автономные локальные центры,Крупные центры
1398,2024-01,3,2,6,5,0.107002,Кингисеппский,Ленинградская область,Крупные центры,Автономные локальные центры
1398,2024-06,2,3,5,3,0.079631,Кингисеппский,Ленинградская область,Автономные локальные центры,Крупные центры
1398,2024-09,3,2,3,4,0.077874,Кингисеппский,Ленинградская область,Крупные центры,Автономные локальные центры
1400,2023-04,1,3,3,21,0.281244,Кировский,Ленинградская область,Цифровая повседневность,Крупные центры
1401,2024-09,2,1,4,4,0.079344,Лодейнопольский,Ленинградская область,Автономные локальные центры,Цифровая повседневность
1407,2024-06,1,2,4,4,0.033072,Тихвинский,Ленинградская область,Цифровая повседневность,Автономные локальные центры
1407,2024-10,2,1,4,3,0.070911,Тихвинский,Ленинградская область,Автономные локальные центры,Цифровая повседневность
1454,2023-04,1,3,3,21,0.121987,Кашира,Московская область,Цифровая повседневность,Крупные центры
1463,2023-06,1,3,5,19,0.123672,Луховицы,Московская область,Цифровая повседневность,Крупные центры
1477,2023-08,1,3,7,17,0.073224,Рузский,Московская область,Цифровая повседневность,Крупные центры
1483,2023-12,3,1,6,4,0.111881,Черноголовка,Московская область,Крупные центры,Цифровая повседневность
1483,2024-04,1,3,4,9,0.068412,Черноголовка,Московская область,Цифровая повседневность,Крупные центры
1489,2024-06,1,3,17,3,0.023729,Волоколамский,Московская область,Цифровая повседневность,Крупные центры
1495,2023-06,1,3,5,19,0.045987,Можайский,Московская область,Цифровая повседневность,Крупные центры
1520,2023-11,2,1,10,3,0.006751,Ловозерский,Мурманская область,Автономные локальные центры,Цифровая повседневность
1520,2024-06,1,2,3,3,0.079790,Ловозерский,Мурманская область,Цифровая повседневность,Автономные локальные центры
1520,2024-09,2,1,3,4,0.037464,Ловозерский,Мурманская область,Автономные локальные центры,Цифровая повседневность
1522,2023-07,1,2,3,3,0.027295,Терский,Мурманская область,Цифровая повседневность,Автономные локальные центры
1522,2023-10,2,1,3,4,0.036253,Терский,Мурманская область,Автономные локальные центры,Цифровая повседневность
1525,2023-04,1,3,3,21,0.072096,Бор,Нижегородская область,Цифровая повседневность,Крупные центры
1527,2023-04,1,3,3,21,0.306362,Дзержинск,Нижегородская область,Цифровая повседневность,Крупные центры
1586,2023-04,1,3,3,21,0.147610,Новгородский,Новгородская область,Цифровая повседневность,Крупные центры
1599,2023-05,1,2,4,8,0.145823,Искитим,Новосибирская область,Цифровая повседневность,Автономные локальные центры
1600,2024-01,2,3,12,12,0.147487,Обь,Новосибирская область,Автономные локальные центры,Крупные центры
1603,2023-05,1,2,4,20,0.173724,Барабинский,Новосибирская область,Цифровая повседневность,Автономные локальные центры
1604,2024-05,1,2,4,8,0.104150,Болотнинский,Новосибирская область,Цифровая повседневность,Автономные локальные центры
1609,2023-06,1,2,5,5,0.098550,Карасукский,Новосибирская область,Цифровая повседневность,Автономные локальные центры
1615,2023-05,1,2,4,20,0.175843,Куйбышевский,Новосибирская область,Цифровая повседневность,Автономные локальные центры
1619,2024-05,1,2,5,6,0.140506,Мошковский,Новосибирская область,Цифровая повседневность,Автономные локальные центры
1623,2024-01,2,1,5,5,0.114974,Сузунский,Новосибирская область,Автономные локальные центры,Цифровая повседневность
1623,2024-06,1,2,5,6,0.122213,Сузунский,Новосибирская область,Цифровая повседневность,Автономные локальные центры
1632,2023-04,2,3,3,8,0.188855,Омск,Омская область,Автономные локальные центры,Крупные центры
1662,2023-11,2,1,5,6,0.107827,Усть-Ишимский,Омская область,Автономные локальные центры,Цифровая повседневность
1665,2023-04,2,3,3,21,0.198938,Оренбург,Оренбургская область,Автономные локальные центры,Крупные центры
1672,2023-06,1,2,5,19,0.075382,Новотроицк,Оренбургская область,Цифровая повседневность,Автономные локальные центры
1707,2023-04,1,3,3,21,0.234044,Орёл,Орловская область,Цифровая повседневность,Крупные центры
1758,2023-04,1,3,3,21,0.169911,Пензенский,Пензенская область,Цифровая повседневность,Крупные центры
1764,2023-04,2,3,3,21,0.179349,Псков,Псковская область,Автономные локальные центры,Крупные центры
1863,2023-04,1,3,3,21,0.078658,Рязанский,Рязанская область,Цифровая повседневность,Крупные центры
1877,2023-04,1,3,3,21,0.254196,Новокуйбышевск,Самарская область,Цифровая повседневность,Крупные центры
1881,2023-06,1,3,5,4,0.041838,Сызрань,Самарская область,Цифровая повседневность,Крупные центры
1881,2023-10,3,1,4,3,0.070301,Сызрань,Самарская область,Крупные центры,Цифровая повседневность
1905,2023-07,1,3,6,18,0.085666,Ставропольский,Самарская область,Цифровая повседневность,Крупные центры
1985,2023-10,1,2,9,4,0.074983,Ирбит,Свердловская область,Цифровая повседневность,Автономные локальные центры
1987,2023-06,2,1,4,6,0.038067,Камышловский,Свердловская область,Автономные локальные центры,Цифровая повседневность
1990,2024-07,2,1,6,4,0.052356,Качканарский,Свердловская область,Автономные локальные центры,Цифровая повседневность
1999,2023-06,2,1,5,4,0.014806,Невьянский,Свердловская область,Автономные локальные центры,Цифровая повседневность
1999,2023-10,1,2,4,9,0.131765,Невьянский,Свердловская область,Цифровая повседневность,Автономные локальные центры
2004,2023-04,2,3,3,8,0.161071,Первоуральск,Свердловская область,Автономные локальные центры,Крупные центры
2011,2023-07,1,2,6,6,0.047078,Сухой Лог,Свердловская область,Цифровая повседневность,Автономные локальные центры
2011,2024-01,2,1,6,10,0.097884,Сухой Лог,Свердловская область,Автономные локальные центры,Цифровая повседневность
2019,2023-12,1,2,9,3,0.043997,Белоярский,Свердловская область,Цифровая повседневность,Автономные локальные центры
2019,2024-03,2,1,3,10,0.188695,Белоярский,Свердловская область,Автономные локальные центры,Цифровая повседневность
2024,2024-05,2,1,3,3,0.062595,Каменский,Свердловская область,Автономные локальные центры,Цифровая повседневность
2024,2024-08,1,2,3,5,0.044500,Каменский,Свердловская область,Цифровая повседневность,Автономные локальные центры
2025,2024-10,2,1,3,3,0.060589,Красноуфимский,Свердловская область,Автономные локальные центры,Цифровая повседневность
2063,2023-04,1,3,3,21,0.441637,Смоленский,Смоленская область,Цифровая повседневность,Крупные центры
2149,2024-01,2,1,4,10,0.117347,Асиновский,Томская область,Автономные локальные центры,Цифровая повседневность
2169,2023-05,1,3,4,5,0.092758,Новомосковск,Тульская область,Цифровая повседневность,Крупные центры
2169,2023-10,3,1,5,3,0.073396,Новомосковск,Тульская область,Крупные центры,Цифровая повседневность
2191,2024-07,2,1,10,6,0.185813,Заводоуковский,Тюменская область,Автономные локальные центры,Цифровая повседневность
2193,2023-08,2,3,7,3,0.058131,Тобольск,Тюменская область,Автономные локальные центры,Крупные центры
2202,2024-04,2,1,15,9,0.085822,Исетский,Тюменская область,Автономные локальные центры,Цифровая повседневность
2203,2023-09,1,2,7,5,0.170095,Ишимский,Тюменская область,Цифровая повседневность,Автономные локальные центры
2203,2024-07,2,1,4,3,0.239791,Ишимский,Тюменская область,Автономные локальные центры,Цифровая повседневность
2203,2024-10,1,2,3,3,0.066708,Ишимский,Тюменская область,Цифровая повседневность,Автономные локальные центры
2208,2024-02,1,2,3,3,0.015454,Сорокинский,Тюменская область,Цифровая повседневность,Автономные локальные центры
2208,2024-05,2,1,3,5,0.143725,Сорокинский,Тюменская область,Автономные локальные центры,Цифровая повседневность
2211,2023-07,2,1,6,18,0.138041,Уватский,Тюменская область,Автономные локальные центры,Цифровая повседневность
2215,2023-06,2,1,5,4,0.066146,Ярковский,Тюменская область,Автономные локальные центры,Цифровая повседневность
2215,2024-07,2,1,5,6,0.187216,Ярковский,Тюменская область,Автономные локальные центры,Цифровая повседневность
2216,2023-05,2,3,4,4,0.058697,Ханты-Мансийск,Ханты-Мансийский автономный округ — Югра,Автономные локальные центры,Крупные центры
2216,2023-09,3,2,4,7,0.066046,Ханты-Мансийск,Ханты-Мансийский автономный округ — Югра,Крупные центры,Автономные локальные центры
2216,2024-04,2,3,7,5,0.081940,Ханты-Мансийск,Ханты-Мансийский автономный округ — Югра,Автономные локальные центры,Крупные центры
2216,2024-09,3,2,5,4,0.085703,Ханты-Мансийск,Ханты-Мансийский автономный округ — Югра,Крупные центры,Автономные локальные центры
2226,2023-04,2,3,3,20,0.150992,Сургут,Ханты-Мансийский автономный округ — Югра,Автономные локальные центры,Крупные центры
2242,2023-06,2,3,5,3,0.073453,Новый Уренгой,Ямало-Ненецкий автономный округ,Автономные локальные центры,Крупные центры
2242,2023-09,3,2,3,9,0.260980,Новый Уренгой,Ямало-Ненецкий автономный округ,Крупные центры,Автономные локальные центры
2242,2024-06,2,3,9,3,0.090206,Новый Уренгой,Ямало-Ненецкий автономный округ,Автономные локальные центры,Крупные центры
2242,2024-09,3,2,3,4,0.287928,Новый Уренгой,Ямало-Ненецкий автономный округ,Крупные центры,Автономные локальные центры
2251,2023-04,1,3,3,21,0.283862,Ульяновск,Ульяновская область,Цифровая повседневность,Крупные центры
2281,2023-04,2,3,3,8,0.127436,Магнитогорский,Челябинская область,Автономные локальные центры,Крупные центры
2288,2023-11,1,2,10,14,0.063396,Чебаркульский,Челябинская область,Цифровая повседневность,Автономные локальные центры
2320,2024-09,3,1,6,4,0.025259,Рыбинск,Ярославская область,Крупные центры,Цифровая повседневность
2334,2024-10,1,3,21,3,0.122317,Рыбинский,Ярославская область,Цифровая повседневность,Крупные центры
2348,2023-06,2,3,5,3,0.087501,Анадырский,Чукотский автономный округ,Автономные локальные центры,Крупные центры
2348,2023-09,3,2,3,9,0.203774,Анадырский,Чукотский автономный округ,Крупные центры,Автономные локальные центры
2348,2024-06,2,3,9,4,0.202260,Анадырский,Чукотский автономный округ,Автономные локальные центры,Крупные центры
2348,2024-10,3,2,4,3,0.240980,Анадырский,Чукотский автономный округ,Крупные центры,Автономные локальные центры
2595,2023-05,3,1,4,11,0.149867,Кокошкино,Москва,Крупные центры,Цифровая повседневность
2595,2024-04,1,3,11,9,0.309451,Кокошкино,Москва,Цифровая повседневность,Крупные центры
2647,2023-08,1,3,7,17,0.141681,Боровский,Калужская область,Цифровая повседневность,Крупные центры
3009,2023-04,1,3,3,21,0.141888,Тамбов,Тамбовская область,Цифровая повседневность,Крупные центры
